arg-id,argument,x,y,cluster-level-1-id,cluster-level-2-id,cluster-level-3-id,cluster-level-4-id,cluster_id,cluster-level-4-label,cluster-level-4-description
A321_0,AIは民主主義の原則に沿うべきだという要望がある,2.298374,1.5156623,1_3,2_5,3_9,4_1,4_1,AIの倫理的開発と国際的な基準への期待,このクラスタには、AI技術の開発と適用において人権法や価値観に基づいた倫理的なアプローチを求める意見が集まっています。また、AIに関する国際的な基準の確立や、AI安全サミットを通じた議論の場の提供を望む声も含まれています。これらの意見は、AI技術が社会に与える影響を考慮し、グローバルな視点での規制やガイドラインの整備を求めるものです。
A321_1,AIは西洋の民主主義だけでなく、世界中の民主主義に沿うべきだという意見がある,2.1328003,1.2302722,1_3,2_5,3_9,4_1,4_1,AIの倫理的開発と国際的な基準への期待,このクラスタには、AI技術の開発と適用において人権法や価値観に基づいた倫理的なアプローチを求める意見が集まっています。また、AIに関する国際的な基準の確立や、AI安全サミットを通じた議論の場の提供を望む声も含まれています。これらの意見は、AI技術が社会に与える影響を考慮し、グローバルな視点での規制やガイドラインの整備を求めるものです。
A341_0,AIと環境に関する公衆の認識を向上させる必要があるという要望がある,1.2630917,-1.8497244,1_1,2_1,3_3,4_20,4_20,AIと環境保護への責任,このクラスタには、AI技術の利用において環境への配慮を求める意見が集まっています。具体的には、AIの炭素排出量削減、環境保護のための責任ある使用、そしてAIガバナンスに環境代表者を含めるべきだという要望が含まれています。これらの意見は、AI技術が環境に与える影響を認識し、持続可能な未来を目指すための具体的な行動を促すものです。
A341_1,AIと環境に関する教育を充実させる必要があるという要望がある,1.0739428,-1.6802403,1_1,2_1,3_3,4_20,4_20,AIと環境保護への責任,このクラスタには、AI技術の利用において環境への配慮を求める意見が集まっています。具体的には、AIの炭素排出量削減、環境保護のための責任ある使用、そしてAIガバナンスに環境代表者を含めるべきだという要望が含まれています。これらの意見は、AI技術が環境に与える影響を認識し、持続可能な未来を目指すための具体的な行動を促すものです。
A341_2,AIと環境に関する公衆の参加を促進する必要があるという要望がある,0.9504066,-1.8095844,1_1,2_1,3_3,4_20,4_20,AIと環境保護への責任,このクラスタには、AI技術の利用において環境への配慮を求める意見が集まっています。具体的には、AIの炭素排出量削減、環境保護のための責任ある使用、そしてAIガバナンスに環境代表者を含めるべきだという要望が含まれています。これらの意見は、AI技術が環境に与える影響を認識し、持続可能な未来を目指すための具体的な行動を促すものです。
A340_0,AIシステムの利益とリスクが一部のグループに集中せず、公平に分配されるべきだという要望がある,2.2688258,-0.111556396,1_1,2_1,3_1,4_17,4_17,AI技術の普及と市民への利益への期待,このクラスタには、AI技術が中小企業や一般市民にも広くアクセス可能であるべきだという要望が集まっています。市民は、AIが企業の利益だけでなく、私たちの生活を向上させるために働くことを望んでいます。また、AI企業を支援する際には、普通の人々に具体的な利益をもたらすことが条件であるという意見も含まれています。これらの意見は、AI技術の普及とその恩恵が広く社会に行き渡ることへの期待を表しています。
A339_0,AIが重要な環境決定を人間の監視なしに自動化または制御すべきではないという意見がある,0.08776028,0.099962145,1_2,2_4,3_8,4_9,4_9,AIの倫理的運用と人間の監視の重要性,このクラスタには、AIの運用に関する倫理的な懸念と、人間の監視や制御の重要性を強調する意見が集まっています。具体的には、AIが環境決定を自動化する際のリスク、AIシステムに人間が積極的に参加する必要性、そして企業がAIを人々の利益に反する形で利用することへの反対が含まれています。これらの意見は、AI技術の発展に伴う倫理的な課題に対する慎重な対応と、透明性のある運用を求める声を反映しています。
A338_0,変革的なAIアプリケーションの開発と展開には、速度ではなく慎重さと配慮が必要だという意見がある,0.5940626,0.50924665,1_2,2_4,3_8,4_9,4_9,AIの倫理的運用と人間の監視の重要性,このクラスタには、AIの運用に関する倫理的な懸念と、人間の監視や制御の重要性を強調する意見が集まっています。具体的には、AIが環境決定を自動化する際のリスク、AIシステムに人間が積極的に参加する必要性、そして企業がAIを人々の利益に反する形で利用することへの反対が含まれています。これらの意見は、AI技術の発展に伴う倫理的な課題に対する慎重な対応と、透明性のある運用を求める声を反映しています。
A337_0,AIシステムは効率や利益だけでなく、正義、エンパワーメント、環境保護を促進すべきだという要望がある,2.1041965,-0.72520685,1_1,2_1,3_1,4_3,4_3,AIの設計と開発に対する倫理的要望,このクラスタには、AI技術の設計と開発において倫理的な側面を重視する要望が集まっています。具体的には、AIが人間の知能や創造性を補完する役割を果たし、置き換えることなく共存すること、効率や利益だけでなく正義、エンパワーメント、環境保護を促進すること、そしてイノベーションを推進することが求められています。これらの要望は、AI技術が社会に与える影響を考慮し、持続可能で公平な未来を目指す姿勢を反映しています。
A336_0,AIガバナンスの枠組みに環境代表者を含めるべきだという要望がある,0.7011749,-1.6789273,1_1,2_1,3_3,4_20,4_20,AIと環境保護への責任,このクラスタには、AI技術の利用において環境への配慮を求める意見が集まっています。具体的には、AIの炭素排出量削減、環境保護のための責任ある使用、そしてAIガバナンスに環境代表者を含めるべきだという要望が含まれています。これらの意見は、AI技術が環境に与える影響を認識し、持続可能な未来を目指すための具体的な行動を促すものです。
A336_1,AIガバナンスが生態系への影響を考慮するべきだという意見がある,0.29992628,-1.7398359,1_1,2_3,3_6,4_13,4_13,技術革新による社会課題解決への期待,このクラスタには、AI技術やGMOsなどの先端技術が気候変動や食糧不足といった重大な社会課題の解決に役立つことを期待する意見が集まっています。また、地方自治体の管理を技術企業に委ねることで効率化を図るべきだという意見も含まれており、技術革新が社会の構造や環境に与える影響を前向きに捉え、積極的に活用する姿勢が見られます。
A335_0,AIを活用して人類の環境負荷を監視、モデル化し、最終的に削減することを望む要望がある,1.7783083,-2.3950634,1_1,2_1,3_4,4_12,4_12,AIによる環境保護と持続可能な未来への期待,このクラスタには、AI技術が環境保護に貢献することへの期待が集まっています。具体的には、河川や海洋の汚染を減少させる創造的な解決策の考案、清潔で緑豊かな未来を目指すための人々の協力促進、そしてクリーンな空気と騒音の少ない都市の創造を支援することが挙げられます。市民は、AIが環境問題の解決に向けた革新的なアプローチを提供し、持続可能な未来の実現に寄与することを強く望んでいます。
A334_0,AI研究者と開発者は、自分たちの仕事が環境に与える影響を考慮する倫理的責任があるという意見がある,1.3405598,-0.80960613,1_1,2_1,3_2,4_11,4_11,AI技術の倫理的・社会的影響への配慮,このクラスタには、AI技術の導入に際して自然環境や人間の尊厳を尊重すること、そしてAIリーダーが複数の倫理的視点を理解することの重要性を訴える意見が集まっています。また、AI技術の環境への影響だけでなく、社会的および倫理的な影響も評価してほしいという要望が含まれており、技術の進歩とともに倫理的な配慮を欠かさない姿勢が求められています。
A333_0,AIシステムの環境負荷を理解するために包括的なライフサイクル評価を実施してほしいという要望がある,1.5736288,-1.2772883,1_1,2_1,3_3,4_8,4_8,AI技術の環境への配慮と持続可能性への要望,このクラスタには、AI技術の開発と導入に際して環境への影響を減らすことに焦点を当てるべきだという意見が集まっています。具体的には、AI技術のライフサイクル全体で環境影響を評価し、潜在的な悪影響を理解し、軽減する必要があるという要望や、AIシステムが持続可能性を考慮して設計・展開されるべきだという意見が含まれています。これらの意見は、技術革新と環境保護の両立を目指す姿勢を示しています。
A332_0,AIシステムは持続可能性を考慮して設計・展開されるべきだという要望がある,1.8832384,-1.1949501,1_1,2_1,3_3,4_8,4_8,AI技術の環境への配慮と持続可能性への要望,このクラスタには、AI技術の開発と導入に際して環境への影響を減らすことに焦点を当てるべきだという意見が集まっています。具体的には、AI技術のライフサイクル全体で環境影響を評価し、潜在的な悪影響を理解し、軽減する必要があるという要望や、AIシステムが持続可能性を考慮して設計・展開されるべきだという意見が含まれています。これらの意見は、技術革新と環境保護の両立を目指す姿勢を示しています。
A332_1,AIシステムの環境への影響、例えばエネルギー使用、材料、廃棄物を考慮する必要があるという意見がある,1.2598244,-1.0794883,1_1,2_1,3_3,4_8,4_8,AI技術の環境への配慮と持続可能性への要望,このクラスタには、AI技術の開発と導入に際して環境への影響を減らすことに焦点を当てるべきだという意見が集まっています。具体的には、AI技術のライフサイクル全体で環境影響を評価し、潜在的な悪影響を理解し、軽減する必要があるという要望や、AIシステムが持続可能性を考慮して設計・展開されるべきだという意見が含まれています。これらの意見は、技術革新と環境保護の両立を目指す姿勢を示しています。
A331_0,AI開発はイノベーションを促進するべきだという要望がある,2.7492187,-1.0193826,1_1,2_1,3_1,4_3,4_3,AIの設計と開発に対する倫理的要望,このクラスタには、AI技術の設計と開発において倫理的な側面を重視する要望が集まっています。具体的には、AIが人間の知能や創造性を補完する役割を果たし、置き換えることなく共存すること、効率や利益だけでなく正義、エンパワーメント、環境保護を促進すること、そしてイノベーションを推進することが求められています。これらの要望は、AI技術が社会に与える影響を考慮し、持続可能で公平な未来を目指す姿勢を反映しています。
A331_1,AIの利益が地理的または経済的な障壁に関係なくすべての人にアクセス可能であるべきだという要望がある,2.7261589,-0.31067625,1_1,2_1,3_1,4_17,4_17,AI技術の普及と市民への利益への期待,このクラスタには、AI技術が中小企業や一般市民にも広くアクセス可能であるべきだという要望が集まっています。市民は、AIが企業の利益だけでなく、私たちの生活を向上させるために働くことを望んでいます。また、AI企業を支援する際には、普通の人々に具体的な利益をもたらすことが条件であるという意見も含まれています。これらの意見は、AI技術の普及とその恩恵が広く社会に行き渡ることへの期待を表しています。
A330_0,AI技術に対する包括的なリスク評価が必要だという要望がある,1.2518363,0.37780866,1_3,2_5,3_9,4_23,4_23,AIとデジタルインフラに関する公平性と倫理的要望,このクラスタには、AI技術の進展に伴う社会的公平性や倫理的な問題に対する意見が集まっています。具体的には、デジタルインフラの整備とAIスキルの訓練を通じて不平等を防ぐ必要性、AIの意思決定における人間の関与の重要性、そしてAIシステムでのデータ使用に対する補償を求める要望が含まれています。これらの意見は、技術の進化がもたらす影響を公平かつ倫理的に管理するための具体的な対策を求めるものです。
A330_1,AI技術の環境への影響だけでなく、社会的および倫理的な影響も評価してほしいという要望がある,1.5034448,-0.5914538,1_1,2_1,3_2,4_11,4_11,AI技術の倫理的・社会的影響への配慮,このクラスタには、AI技術の導入に際して自然環境や人間の尊厳を尊重すること、そしてAIリーダーが複数の倫理的視点を理解することの重要性を訴える意見が集まっています。また、AI技術の環境への影響だけでなく、社会的および倫理的な影響も評価してほしいという要望が含まれており、技術の進歩とともに倫理的な配慮を欠かさない姿勢が求められています。
A329_0,AIシステムによる無許可のデータ収集と使用から個人を保護するために厳格なデータプライバシー規制が必要だという要望がある,1.0975397,1.0689219,1_3,2_5,3_9,4_23,4_23,AIとデジタルインフラに関する公平性と倫理的要望,このクラスタには、AI技術の進展に伴う社会的公平性や倫理的な問題に対する意見が集まっています。具体的には、デジタルインフラの整備とAIスキルの訓練を通じて不平等を防ぐ必要性、AIの意思決定における人間の関与の重要性、そしてAIシステムでのデータ使用に対する補償を求める要望が含まれています。これらの意見は、技術の進化がもたらす影響を公平かつ倫理的に管理するための具体的な対策を求めるものです。
A328_0,AIは利益追求だけでなく、社会的課題の解決に重点を置いて開発・展開されるべきだという要望がある,2.5268383,-0.7269253,1_1,2_1,3_1,4_3,4_3,AIの設計と開発に対する倫理的要望,このクラスタには、AI技術の設計と開発において倫理的な側面を重視する要望が集まっています。具体的には、AIが人間の知能や創造性を補完する役割を果たし、置き換えることなく共存すること、効率や利益だけでなく正義、エンパワーメント、環境保護を促進すること、そしてイノベーションを推進することが求められています。これらの要望は、AI技術が社会に与える影響を考慮し、持続可能で公平な未来を目指す姿勢を反映しています。
A327_0,AI技術が環境への影響を軽減するために、できるだけエネルギー効率を高めるべきだという要望がある,1.8839045,-1.8046658,1_1,2_1,3_3,4_8,4_8,AI技術の環境への配慮と持続可能性への要望,このクラスタには、AI技術の開発と導入に際して環境への影響を減らすことに焦点を当てるべきだという意見が集まっています。具体的には、AI技術のライフサイクル全体で環境影響を評価し、潜在的な悪影響を理解し、軽減する必要があるという要望や、AIシステムが持続可能性を考慮して設計・展開されるべきだという意見が含まれています。これらの意見は、技術革新と環境保護の両立を目指す姿勢を示しています。
A326_0,グローバルな基準は理想的だが、文化や社会的な規範を尊重するローカライズされたAI規制が必要だという意見がある,0.7114448,1.3251108,1_3,2_5,3_10,4_4,4_4,AI規制に対する多様な意見と要望,このクラスタには、AI規制に関する多様な意見が集まっています。一部の意見は、規制が新しいアイデアやイノベーションを妨げないことを望んでおり、柔軟で証拠に基づく規制枠組みを求めています。一方で、個人のプライバシーを犠牲にしてでも規制を強化するべきだという意見も存在します。これらの意見は、AI技術の発展と社会的影響のバランスをどのように取るべきかについての議論を反映しています。
A325_0,AI開発は人間の幸福と環境の持続可能性を優先する普遍的な倫理的枠組みに従うべきだという要望がある,1.8459327,-0.7113394,1_1,2_1,3_2,4_11,4_11,AI技術の倫理的・社会的影響への配慮,このクラスタには、AI技術の導入に際して自然環境や人間の尊厳を尊重すること、そしてAIリーダーが複数の倫理的視点を理解することの重要性を訴える意見が集まっています。また、AI技術の環境への影響だけでなく、社会的および倫理的な影響も評価してほしいという要望が含まれており、技術の進歩とともに倫理的な配慮を欠かさない姿勢が求められています。
A323_0,AIの能力、限界、倫理的考慮について一般市民に教育するための取り組みが必要だという要望がある,1.3441066,-0.19252476,1_1,2_1,3_2,4_11,4_11,AI技術の倫理的・社会的影響への配慮,このクラスタには、AI技術の導入に際して自然環境や人間の尊厳を尊重すること、そしてAIリーダーが複数の倫理的視点を理解することの重要性を訴える意見が集まっています。また、AI技術の環境への影響だけでなく、社会的および倫理的な影響も評価してほしいという要望が含まれており、技術の進歩とともに倫理的な配慮を欠かさない姿勢が求められています。
A322_0,AI開発に関わるすべての組織が使用する方法論とデータセットを公開してほしいという要望がある,2.3721092,0.31653407,1_3,2_5,3_9,4_18,4_18,AIシステムの透明性と責任の確立への要望,このクラスタには、AIシステムに対する公共の信頼を築くために、アルゴリズムの透明性や使用する方法論とデータセットの公開を求める意見が集まっています。また、AIに関する決定を行う政府や企業がその責任を取るべきだという要望も含まれており、AI技術の開発と運用における倫理的な責任と透明性の確立を強く求める声が表れています。
A322_1,倫理的で偏りのないAIシステムを確保するために、透明性を求める意見がある,1.7987586,0.032757767,1_3,2_5,3_9,4_18,4_18,AIシステムの透明性と責任の確立への要望,このクラスタには、AIシステムに対する公共の信頼を築くために、アルゴリズムの透明性や使用する方法論とデータセットの公開を求める意見が集まっています。また、AIに関する決定を行う政府や企業がその責任を取るべきだという要望も含まれており、AI技術の開発と運用における倫理的な責任と透明性の確立を強く求める声が表れています。
A295_0,政府はAIの善用を促進するためにデータへのアクセスを拡大しつつ、プライバシーを保護する必要があるという要望がある,0.8175664,1.4943224,1_3,2_5,3_10,4_4,4_4,AI規制に対する多様な意見と要望,このクラスタには、AI規制に関する多様な意見が集まっています。一部の意見は、規制が新しいアイデアやイノベーションを妨げないことを望んでおり、柔軟で証拠に基づく規制枠組みを求めています。一方で、個人のプライバシーを犠牲にしてでも規制を強化するべきだという意見も存在します。これらの意見は、AI技術の発展と社会的影響のバランスをどのように取るべきかについての議論を反映しています。
A320_0,AIガバナンスにおけるグローバルな協力が環境変化の管理に重要であるという意見がある,0.49604237,-1.3462939,1_1,2_3,3_6,4_5,4_5,AIの社会的公平性と環境リスク管理への期待,このクラスタには、AI技術の発展に伴う社会的公平性の確保と環境リスク管理に対する期待が集まっています。特に、AIが貧困層を忘れずに支援し、富裕層だけが利益を享受することのないようにすることが重要だという意見が強調されています。また、AIが環境問題に対してリスクを監視し、軽減する役割を果たすことへの期待も含まれており、技術の進歩が社会全体に公平に利益をもたらし、持続可能な未来を築くための具体的な取り組みが求められています。
A319_0,AIの導入は自然と人間の尊厳を尊重する必要があるという要望がある,1.2247363,-0.76839095,1_1,2_1,3_2,4_11,4_11,AI技術の倫理的・社会的影響への配慮,このクラスタには、AI技術の導入に際して自然環境や人間の尊厳を尊重すること、そしてAIリーダーが複数の倫理的視点を理解することの重要性を訴える意見が集まっています。また、AI技術の環境への影響だけでなく、社会的および倫理的な影響も評価してほしいという要望が含まれており、技術の進歩とともに倫理的な配慮を欠かさない姿勢が求められています。
A318_0,AIが最適化を促進する一方で消費を増加させる可能性があることへの不安がある,-0.8551109,-0.16863339,1_1,2_3,3_6,4_14,4_14,AIの環境影響に対する懸念と改善要望,このクラスタには、AI技術のエネルギー使用量や環境への影響に対する不安や不満が集まっています。ユーザーは、AIが環境悪化に寄与していないことを確認する必要性を感じており、自然環境への影響が十分に考慮されていないことに対して懸念を抱いています。これらの意見は、AI技術の持続可能性や環境保護に対する改善を求める声を反映しています。
A318_1,持続可能な価値観がAIの設計を導くべきだという要望がある,2.1136186,-1.0047076,1_1,2_1,3_1,4_3,4_3,AIの設計と開発に対する倫理的要望,このクラスタには、AI技術の設計と開発において倫理的な側面を重視する要望が集まっています。具体的には、AIが人間の知能や創造性を補完する役割を果たし、置き換えることなく共存すること、効率や利益だけでなく正義、エンパワーメント、環境保護を促進すること、そしてイノベーションを推進することが求められています。これらの要望は、AI技術が社会に与える影響を考慮し、持続可能で公平な未来を目指す姿勢を反映しています。
A317_0,AIの環境リスクを監視し、軽減する必要があるという意見がある,0.6387719,-1.2626483,1_1,2_3,3_6,4_5,4_5,AIの社会的公平性と環境リスク管理への期待,このクラスタには、AI技術の発展に伴う社会的公平性の確保と環境リスク管理に対する期待が集まっています。特に、AIが貧困層を忘れずに支援し、富裕層だけが利益を享受することのないようにすることが重要だという意見が強調されています。また、AIが環境問題に対してリスクを監視し、軽減する役割を果たすことへの期待も含まれており、技術の進歩が社会全体に公平に利益をもたらし、持続可能な未来を築くための具体的な取り組みが求められています。
A317_1,AIのエネルギー使用量に対する不安がある,-0.746904,-0.60805905,1_1,2_3,3_6,4_14,4_14,AIの環境影響に対する懸念と改善要望,このクラスタには、AI技術のエネルギー使用量や環境への影響に対する不安や不満が集まっています。ユーザーは、AIが環境悪化に寄与していないことを確認する必要性を感じており、自然環境への影響が十分に考慮されていないことに対して懸念を抱いています。これらの意見は、AI技術の持続可能性や環境保護に対する改善を求める声を反映しています。
A317_2,AIによる電子廃棄物に対する不安がある,-0.8013505,-0.49666154,1_1,2_3,3_6,4_14,4_14,AIの環境影響に対する懸念と改善要望,このクラスタには、AI技術のエネルギー使用量や環境への影響に対する不安や不満が集まっています。ユーザーは、AIが環境悪化に寄与していないことを確認する必要性を感じており、自然環境への影響が十分に考慮されていないことに対して懸念を抱いています。これらの意見は、AI技術の持続可能性や環境保護に対する改善を求める声を反映しています。
A316_0,ロボット技術と自動化が鉱業の影響を軽減できるが、エネルギー需要が増加する可能性があることへの不安がある,-0.7066326,-0.67353535,1_1,2_3,3_6,4_14,4_14,AIの環境影響に対する懸念と改善要望,このクラスタには、AI技術のエネルギー使用量や環境への影響に対する不安や不満が集まっています。ユーザーは、AIが環境悪化に寄与していないことを確認する必要性を感じており、自然環境への影響が十分に考慮されていないことに対して懸念を抱いています。これらの意見は、AI技術の持続可能性や環境保護に対する改善を求める声を反映しています。
A316_1,エネルギー需要の増加に対する計画が必要だという要望がある,2.2811375,-1.7617005,1_1,2_1,3_4,4_21,4_21,AIシステムのエネルギー効率と持続可能性への要望,このクラスタには、AIシステムの運用に関するエネルギー効率や持続可能性に対する要望が集まっています。具体的には、クリーンで再生可能なエネルギーの利用、増加するエネルギー需要に対する計画の必要性、そしてAIの設計においてエネルギー効率を重視することが求められています。これらの意見は、環境への配慮と持続可能な技術運用を目指す姿勢を反映しています。
A307_0,AIによる衛星画像解析が生物多様性の減少を追跡することで保全活動を支援している,0.37235332,-2.705411,1_1,2_2,3_5,4_0,4_0,AIによる生物多様性保全と倫理的配慮への期待,このクラスタには、AI技術が人間だけでなく、植物や動物を含むすべての存在の価値を理解し、保全活動を支援する役割を果たすことへの期待が集まっています。具体的には、衛星画像解析を通じて生物多様性の減少を追跡し、保全活動を支援することや、AIが生態系の権利を尊重するべきだという倫理的な要望が含まれています。これらの意見は、AIが環境保護と持続可能な未来の構築に貢献することを強く求めています。
A297_0,AIシステムへの攻撃による社会的な害を防ぐために、より強力なデジタルセキュリティが必要だという要望がある,1.4644759,0.9494594,1_3,2_5,3_9,4_23,4_23,AIとデジタルインフラに関する公平性と倫理的要望,このクラスタには、AI技術の進展に伴う社会的公平性や倫理的な問題に対する意見が集まっています。具体的には、デジタルインフラの整備とAIスキルの訓練を通じて不平等を防ぐ必要性、AIの意思決定における人間の関与の重要性、そしてAIシステムでのデータ使用に対する補償を求める要望が含まれています。これらの意見は、技術の進化がもたらす影響を公平かつ倫理的に管理するための具体的な対策を求めるものです。
A294_0,AIの利点とリスクは文脈によって異なるため、一律のガバナンスでは不十分であるという意見がある,0.7112373,0.8917252,1_2,2_4,3_8,4_9,4_9,AIの倫理的運用と人間の監視の重要性,このクラスタには、AIの運用に関する倫理的な懸念と、人間の監視や制御の重要性を強調する意見が集まっています。具体的には、AIが環境決定を自動化する際のリスク、AIシステムに人間が積極的に参加する必要性、そして企業がAIを人々の利益に反する形で利用することへの反対が含まれています。これらの意見は、AI技術の発展に伴う倫理的な課題に対する慎重な対応と、透明性のある運用を求める声を反映しています。
A293_0,AIが企業によって人々の最善の利益に反する形で操作や誘導に使われるべきではないという意見がある,0.037689064,0.26213533,1_2,2_4,3_8,4_9,4_9,AIの倫理的運用と人間の監視の重要性,このクラスタには、AIの運用に関する倫理的な懸念と、人間の監視や制御の重要性を強調する意見が集まっています。具体的には、AIが環境決定を自動化する際のリスク、AIシステムに人間が積極的に参加する必要性、そして企業がAIを人々の利益に反する形で利用することへの反対が含まれています。これらの意見は、AI技術の発展に伴う倫理的な課題に対する慎重な対応と、透明性のある運用を求める声を反映しています。
A292_0,AIの規制枠組みは機敏で反復的かつ証拠に基づくものであるべきだという要望がある,1.3312109,1.6639647,1_3,2_5,3_10,4_4,4_4,AI規制に対する多様な意見と要望,このクラスタには、AI規制に関する多様な意見が集まっています。一部の意見は、規制が新しいアイデアやイノベーションを妨げないことを望んでおり、柔軟で証拠に基づく規制枠組みを求めています。一方で、個人のプライバシーを犠牲にしてでも規制を強化するべきだという意見も存在します。これらの意見は、AI技術の発展と社会的影響のバランスをどのように取るべきかについての議論を反映しています。
A291_0,AIシステムによる被害が発生した場合の救済措置を導入してほしいという要望がある,1.6309555,0.5813546,1_3,2_5,3_9,4_23,4_23,AIとデジタルインフラに関する公平性と倫理的要望,このクラスタには、AI技術の進展に伴う社会的公平性や倫理的な問題に対する意見が集まっています。具体的には、デジタルインフラの整備とAIスキルの訓練を通じて不平等を防ぐ必要性、AIの意思決定における人間の関与の重要性、そしてAIシステムでのデータ使用に対する補償を求める要望が含まれています。これらの意見は、技術の進化がもたらす影響を公平かつ倫理的に管理するための具体的な対策を求めるものです。
A289_0,AIは人間の知能と創造性を補完するように設計されるべきであり、置き換えるべきではないという要望がある,2.510064,-0.8908994,1_1,2_1,3_1,4_3,4_3,AIの設計と開発に対する倫理的要望,このクラスタには、AI技術の設計と開発において倫理的な側面を重視する要望が集まっています。具体的には、AIが人間の知能や創造性を補完する役割を果たし、置き換えることなく共存すること、効率や利益だけでなく正義、エンパワーメント、環境保護を促進すること、そしてイノベーションを推進することが求められています。これらの要望は、AI技術が社会に与える影響を考慮し、持続可能で公平な未来を目指す姿勢を反映しています。
A288_0,AIシステムが社会と相互作用する際の意図しない結果を継続的に再評価する必要があるという要望がある,1.745843,-0.45534834,1_1,2_1,3_2,4_11,4_11,AI技術の倫理的・社会的影響への配慮,このクラスタには、AI技術の導入に際して自然環境や人間の尊厳を尊重すること、そしてAIリーダーが複数の倫理的視点を理解することの重要性を訴える意見が集まっています。また、AI技術の環境への影響だけでなく、社会的および倫理的な影響も評価してほしいという要望が含まれており、技術の進歩とともに倫理的な配慮を欠かさない姿勢が求められています。
A287_0,AIに関する国際的な基準が必要だという要望がある,2.1891189,0.6709755,1_3,2_5,3_9,4_1,4_1,AIの倫理的開発と国際的な基準への期待,このクラスタには、AI技術の開発と適用において人権法や価値観に基づいた倫理的なアプローチを求める意見が集まっています。また、AIに関する国際的な基準の確立や、AI安全サミットを通じた議論の場の提供を望む声も含まれています。これらの意見は、AI技術が社会に与える影響を考慮し、グローバルな視点での規制やガイドラインの整備を求めるものです。
A286_0,政府がデジタルインフラとAIスキルの訓練に投資するべきだという要望がある,1.8268771,1.600649,1_3,2_5,3_10,4_4,4_4,AI規制に対する多様な意見と要望,このクラスタには、AI規制に関する多様な意見が集まっています。一部の意見は、規制が新しいアイデアやイノベーションを妨げないことを望んでおり、柔軟で証拠に基づく規制枠組みを求めています。一方で、個人のプライバシーを犠牲にしてでも規制を強化するべきだという意見も存在します。これらの意見は、AI技術の発展と社会的影響のバランスをどのように取るべきかについての議論を反映しています。
A286_1,不平等を防ぐためにデジタルインフラとAIスキルの訓練が必要だという意見がある,1.5049556,1.2196982,1_3,2_5,3_9,4_23,4_23,AIとデジタルインフラに関する公平性と倫理的要望,このクラスタには、AI技術の進展に伴う社会的公平性や倫理的な問題に対する意見が集まっています。具体的には、デジタルインフラの整備とAIスキルの訓練を通じて不平等を防ぐ必要性、AIの意思決定における人間の関与の重要性、そしてAIシステムでのデータ使用に対する補償を求める要望が含まれています。これらの意見は、技術の進化がもたらす影響を公平かつ倫理的に管理するための具体的な対策を求めるものです。
A284_0,AIシステムによるプライバシーリスクを評価し、適切に軽減する必要があるという要望がある,1.406697,0.5508144,1_3,2_5,3_9,4_23,4_23,AIとデジタルインフラに関する公平性と倫理的要望,このクラスタには、AI技術の進展に伴う社会的公平性や倫理的な問題に対する意見が集まっています。具体的には、デジタルインフラの整備とAIスキルの訓練を通じて不平等を防ぐ必要性、AIの意思決定における人間の関与の重要性、そしてAIシステムでのデータ使用に対する補償を求める要望が含まれています。これらの意見は、技術の進化がもたらす影響を公平かつ倫理的に管理するための具体的な対策を求めるものです。
A283_0,自律型兵器システムの致死的な決定をAIに委ねず、人間が制御すべきだという要望がある,1.0900989,-0.034376744,1_1,2_1,3_2,4_11,4_11,AI技術の倫理的・社会的影響への配慮,このクラスタには、AI技術の導入に際して自然環境や人間の尊厳を尊重すること、そしてAIリーダーが複数の倫理的視点を理解することの重要性を訴える意見が集まっています。また、AI技術の環境への影響だけでなく、社会的および倫理的な影響も評価してほしいという要望が含まれており、技術の進歩とともに倫理的な配慮を欠かさない姿勢が求められています。
A282_0,AIは人権法と価値観に基づいて開発・適用されるべきだという要望がある,2.1417017,0.7138458,1_3,2_5,3_9,4_1,4_1,AIの倫理的開発と国際的な基準への期待,このクラスタには、AI技術の開発と適用において人権法や価値観に基づいた倫理的なアプローチを求める意見が集まっています。また、AIに関する国際的な基準の確立や、AI安全サミットを通じた議論の場の提供を望む声も含まれています。これらの意見は、AI技術が社会に与える影響を考慮し、グローバルな視点での規制やガイドラインの整備を求めるものです。
A281_0,アルゴリズムの公平性、説明責任、透明性を確保する必要があるという要望がある,1.8712285,0.21490592,1_3,2_5,3_9,4_18,4_18,AIシステムの透明性と責任の確立への要望,このクラスタには、AIシステムに対する公共の信頼を築くために、アルゴリズムの透明性や使用する方法論とデータセットの公開を求める意見が集まっています。また、AIに関する決定を行う政府や企業がその責任を取るべきだという要望も含まれており、AI技術の開発と運用における倫理的な責任と透明性の確立を強く求める声が表れています。
A281_1,AIシステムに対する公共の信頼を築くためにアルゴリズムの透明性を求める意見がある,1.840206,0.10106722,1_3,2_5,3_9,4_18,4_18,AIシステムの透明性と責任の確立への要望,このクラスタには、AIシステムに対する公共の信頼を築くために、アルゴリズムの透明性や使用する方法論とデータセットの公開を求める意見が集まっています。また、AIに関する決定を行う政府や企業がその責任を取るべきだという要望も含まれており、AI技術の開発と運用における倫理的な責任と透明性の確立を強く求める声が表れています。
A280_0,企業、国、政府が消費者やエンドユーザーに対してもっと教育と情報提供を行うべきだという要望がある,1.1993222,-0.05661802,1_1,2_1,3_2,4_11,4_11,AI技術の倫理的・社会的影響への配慮,このクラスタには、AI技術の導入に際して自然環境や人間の尊厳を尊重すること、そしてAIリーダーが複数の倫理的視点を理解することの重要性を訴える意見が集まっています。また、AI技術の環境への影響だけでなく、社会的および倫理的な影響も評価してほしいという要望が含まれており、技術の進歩とともに倫理的な配慮を欠かさない姿勢が求められています。
A279_0,企業や国がAI競争に集中しているが、社会的影響を十分に考慮していないことへの不満がある,-0.5273743,0.8099175,1_2,2_4,3_7,4_2,4_2,AI技術の評価と社会的影響への懸念,このクラスタには、AI技術の未来に対する不安や過剰評価に対する疑念、そして企業や国がAI競争に集中する一方で社会的影響を十分に考慮していないことへの不満が集まっています。また、AIが人間の仕事を置き換える可能性についての懸念も含まれており、技術の進歩に伴う社会的課題や倫理的問題に対する深い関心が表れています。
A279_1,政府がAI技術に対する保護を十分に行っていないことへの不満がある,-0.63440025,0.99802166,1_2,2_4,3_7,4_22,4_22,AI技術における公平性とバイアスへの懸念,このクラスタには、AI技術に関連する公平性の問題やバイアスに対する不満が集まっています。具体的には、顔認識技術における人種的偏見、公的に利用可能なデータの使用に関する不公平感、そしてAIがバイアスの原因とされることへの不満が含まれています。これらの意見は、AI技術の開発と運用において、より公平で透明性のあるアプローチが求められていることを示しています。
A278_0,AIがバイアスの原因とされることへの不満がある,-0.9444232,1.0589427,1_2,2_4,3_7,4_22,4_22,AI技術における公平性とバイアスへの懸念,このクラスタには、AI技術に関連する公平性の問題やバイアスに対する不満が集まっています。具体的には、顔認識技術における人種的偏見、公的に利用可能なデータの使用に関する不公平感、そしてAIがバイアスの原因とされることへの不満が含まれています。これらの意見は、AI技術の開発と運用において、より公平で透明性のあるアプローチが求められていることを示しています。
A278_1,AIのトレーニングデータが既存のバイアスを示していることへの指摘がある,-1.0285246,1.137212,1_2,2_4,3_7,4_22,4_22,AI技術における公平性とバイアスへの懸念,このクラスタには、AI技術に関連する公平性の問題やバイアスに対する不満が集まっています。具体的には、顔認識技術における人種的偏見、公的に利用可能なデータの使用に関する不公平感、そしてAIがバイアスの原因とされることへの不満が含まれています。これらの意見は、AI技術の開発と運用において、より公平で透明性のあるアプローチが求められていることを示しています。
A278_2,根本的な問題を解決すべきだという要望がある,2.0435722,2.12335,1_3,2_6,3_12,4_6,4_6,民主主義の改革と市民社会の支援への要望,このクラスタには、民主主義の利益を最大化するための議論や包括的な改革の必要性、そして地域の市民社会組織が安定した資金を求める要望が集まっています。市民は、民主主義の制度を改善し、より効果的で迅速な改革を行うことで、社会全体の利益を高めることを期待しています。また、市民社会組織が持続可能な活動を行うためには、長期的で予測可能な資金の確保が重要であると認識されています。
A277_0,新規参入者、製品、サービスによるAIインシデントの再発を軽減することに焦点を当てるべきだという要望がある,2.1460981,-0.70224667,1_1,2_1,3_1,4_3,4_3,AIの設計と開発に対する倫理的要望,このクラスタには、AI技術の設計と開発において倫理的な側面を重視する要望が集まっています。具体的には、AIが人間の知能や創造性を補完する役割を果たし、置き換えることなく共存すること、効率や利益だけでなく正義、エンパワーメント、環境保護を促進すること、そしてイノベーションを推進することが求められています。これらの要望は、AI技術が社会に与える影響を考慮し、持続可能で公平な未来を目指す姿勢を反映しています。
A277_1,顔認識技術における人種的偏見の問題があることへの不満がある,-0.9082572,1.1721973,1_2,2_4,3_7,4_22,4_22,AI技術における公平性とバイアスへの懸念,このクラスタには、AI技術に関連する公平性の問題やバイアスに対する不満が集まっています。具体的には、顔認識技術における人種的偏見、公的に利用可能なデータの使用に関する不公平感、そしてAIがバイアスの原因とされることへの不満が含まれています。これらの意見は、AI技術の開発と運用において、より公平で透明性のあるアプローチが求められていることを示しています。
A276_0,AI技術は技術的な背景に関係なく、誰でもアクセスできるようにしてほしいという要望がある,2.8137827,-0.40468058,1_1,2_1,3_1,4_17,4_17,AI技術の普及と市民への利益への期待,このクラスタには、AI技術が中小企業や一般市民にも広くアクセス可能であるべきだという要望が集まっています。市民は、AIが企業の利益だけでなく、私たちの生活を向上させるために働くことを望んでいます。また、AI企業を支援する際には、普通の人々に具体的な利益をもたらすことが条件であるという意見も含まれています。これらの意見は、AI技術の普及とその恩恵が広く社会に行き渡ることへの期待を表しています。
A204_0,AIを使って人々が日々の選択が環境に与える影響を理解する手助けをしてほしいという要望がある,1.4463822,-2.5033097,1_1,2_1,3_4,4_12,4_12,AIによる環境保護と持続可能な未来への期待,このクラスタには、AI技術が環境保護に貢献することへの期待が集まっています。具体的には、河川や海洋の汚染を減少させる創造的な解決策の考案、清潔で緑豊かな未来を目指すための人々の協力促進、そしてクリーンな空気と騒音の少ない都市の創造を支援することが挙げられます。市民は、AIが環境問題の解決に向けた革新的なアプローチを提供し、持続可能な未来の実現に寄与することを強く望んでいます。
A206_0,AIツールが廃棄物をより正確に分類することでリサイクルを改善してほしいという要望がある,2.08312,-2.0915792,1_1,2_1,3_4,4_21,4_21,AIシステムのエネルギー効率と持続可能性への要望,このクラスタには、AIシステムの運用に関するエネルギー効率や持続可能性に対する要望が集まっています。具体的には、クリーンで再生可能なエネルギーの利用、増加するエネルギー需要に対する計画の必要性、そしてAIの設計においてエネルギー効率を重視することが求められています。これらの意見は、環境への配慮と持続可能な技術運用を目指す姿勢を反映しています。
A242_0,AIの進展が持続可能な開発目標（SDGs）と調和するように、国際社会が協力するべきだという要望がある,1.3419513,-1.9766994,1_1,2_1,3_3,4_20,4_20,AIと環境保護への責任,このクラスタには、AI技術の利用において環境への配慮を求める意見が集まっています。具体的には、AIの炭素排出量削減、環境保護のための責任ある使用、そしてAIガバナンスに環境代表者を含めるべきだという要望が含まれています。これらの意見は、AI技術が環境に与える影響を認識し、持続可能な未来を目指すための具体的な行動を促すものです。
A244_0,AIがすべての生命体を人間のためだけでなく、それ自体の価値として尊重するようにしてほしいという要望がある,0.47673222,-3.3459394,1_1,2_2,3_5,4_0,4_0,AIによる生物多様性保全と倫理的配慮への期待,このクラスタには、AI技術が人間だけでなく、植物や動物を含むすべての存在の価値を理解し、保全活動を支援する役割を果たすことへの期待が集まっています。具体的には、衛星画像解析を通じて生物多様性の減少を追跡し、保全活動を支援することや、AIが生態系の権利を尊重するべきだという倫理的な要望が含まれています。これらの意見は、AIが環境保護と持続可能な未来の構築に貢献することを強く求めています。
A275_0,GenerativeAIツールが過激なコンテンツや誤情報に利用されるのを防ぐために、安全設計のアプローチを採用する必要があるという要望がある,0.90394175,0.5569915,1_2,2_4,3_8,4_9,4_9,AIの倫理的運用と人間の監視の重要性,このクラスタには、AIの運用に関する倫理的な懸念と、人間の監視や制御の重要性を強調する意見が集まっています。具体的には、AIが環境決定を自動化する際のリスク、AIシステムに人間が積極的に参加する必要性、そして企業がAIを人々の利益に反する形で利用することへの反対が含まれています。これらの意見は、AI技術の発展に伴う倫理的な課題に対する慎重な対応と、透明性のある運用を求める声を反映しています。
A273_0,技術企業が公共の自然資源を所有し管理することを許可すべきだという意見がある,-0.3423898,-1.5005835,1_1,2_3,3_6,4_13,4_13,技術革新による社会課題解決への期待,このクラスタには、AI技術やGMOsなどの先端技術が気候変動や食糧不足といった重大な社会課題の解決に役立つことを期待する意見が集まっています。また、地方自治体の管理を技術企業に委ねることで効率化を図るべきだという意見も含まれており、技術革新が社会の構造や環境に与える影響を前向きに捉え、積極的に活用する姿勢が見られます。
A273_1,AIを活用して政府よりも効率的に自然資源を管理できるという意見がある,-0.18489948,-1.5115415,1_1,2_3,3_6,4_13,4_13,技術革新による社会課題解決への期待,このクラスタには、AI技術やGMOsなどの先端技術が気候変動や食糧不足といった重大な社会課題の解決に役立つことを期待する意見が集まっています。また、地方自治体の管理を技術企業に委ねることで効率化を図るべきだという意見も含まれており、技術革新が社会の構造や環境に与える影響を前向きに捉え、積極的に活用する姿勢が見られます。
A272_0,AI技術への投資を最も裕福な層に優先するべきだという意見がある,0.5133327,-0.4495199,1_1,2_3,3_6,4_5,4_5,AIの社会的公平性と環境リスク管理への期待,このクラスタには、AI技術の発展に伴う社会的公平性の確保と環境リスク管理に対する期待が集まっています。特に、AIが貧困層を忘れずに支援し、富裕層だけが利益を享受することのないようにすることが重要だという意見が強調されています。また、AIが環境問題に対してリスクを監視し、軽減する役割を果たすことへの期待も含まれており、技術の進歩が社会全体に公平に利益をもたらし、持続可能な未来を築くための具体的な取り組みが求められています。
A271_0,地方自治体の構造をAIシステムに置き換え、技術企業によって管理されるべきだという意見がある,-0.27918983,-1.0738404,1_1,2_3,3_6,4_13,4_13,技術革新による社会課題解決への期待,このクラスタには、AI技術やGMOsなどの先端技術が気候変動や食糧不足といった重大な社会課題の解決に役立つことを期待する意見が集まっています。また、地方自治体の管理を技術企業に委ねることで効率化を図るべきだという意見も含まれており、技術革新が社会の構造や環境に与える影響を前向きに捉え、積極的に活用する姿勢が見られます。
A270_0,個人のデータ収集と販売を無制限に許可すべきだという意見がある,0.82577175,1.8331116,1_3,2_5,3_10,4_4,4_4,AI規制に対する多様な意見と要望,このクラスタには、AI規制に関する多様な意見が集まっています。一部の意見は、規制が新しいアイデアやイノベーションを妨げないことを望んでおり、柔軟で証拠に基づく規制枠組みを求めています。一方で、個人のプライバシーを犠牲にしてでも規制を強化するべきだという意見も存在します。これらの意見は、AI技術の発展と社会的影響のバランスをどのように取るべきかについての議論を反映しています。
A269_0,AIを使って人間の能力を向上させ、気候変動に対処するためのより良い手段を持つ個人を育成するべきだという意見がある,-0.08757555,-1.2110183,1_1,2_3,3_6,4_13,4_13,技術革新による社会課題解決への期待,このクラスタには、AI技術やGMOsなどの先端技術が気候変動や食糧不足といった重大な社会課題の解決に役立つことを期待する意見が集まっています。また、地方自治体の管理を技術企業に委ねることで効率化を図るべきだという意見も含まれており、技術革新が社会の構造や環境に与える影響を前向きに捉え、積極的に活用する姿勢が見られます。
A268_0,政府がAIを使った厳格な監視を実施し、規制を強化するべきだという意見がある,0.6917415,1.4471993,1_3,2_5,3_10,4_4,4_4,AI規制に対する多様な意見と要望,このクラスタには、AI規制に関する多様な意見が集まっています。一部の意見は、規制が新しいアイデアやイノベーションを妨げないことを望んでおり、柔軟で証拠に基づく規制枠組みを求めています。一方で、個人のプライバシーを犠牲にしてでも規制を強化するべきだという意見も存在します。これらの意見は、AI技術の発展と社会的影響のバランスをどのように取るべきかについての議論を反映しています。
A268_1,個人のプライバシーを犠牲にしてでも規制を強化するべきだという意見がある,0.9357913,1.9617016,1_3,2_5,3_10,4_4,4_4,AI規制に対する多様な意見と要望,このクラスタには、AI規制に関する多様な意見が集まっています。一部の意見は、規制が新しいアイデアやイノベーションを妨げないことを望んでおり、柔軟で証拠に基づく規制枠組みを求めています。一方で、個人のプライバシーを犠牲にしてでも規制を強化するべきだという意見も存在します。これらの意見は、AI技術の発展と社会的影響のバランスをどのように取るべきかについての議論を反映しています。
A267_0,AIを使って遺伝子組み換え生物（GMOs）を作り、食糧不足に対処するべきだという意見がある,-0.20864105,-1.845888,1_1,2_3,3_6,4_13,4_13,技術革新による社会課題解決への期待,このクラスタには、AI技術やGMOsなどの先端技術が気候変動や食糧不足といった重大な社会課題の解決に役立つことを期待する意見が集まっています。また、地方自治体の管理を技術企業に委ねることで効率化を図るべきだという意見も含まれており、技術革新が社会の構造や環境に与える影響を前向きに捉え、積極的に活用する姿勢が見られます。
A267_1,自然の生態系を変えることになっても、食糧不足を解決するためにGMOsを使用するべきだという意見がある,-0.29596502,-1.9452891,1_1,2_3,3_6,4_13,4_13,技術革新による社会課題解決への期待,このクラスタには、AI技術やGMOsなどの先端技術が気候変動や食糧不足といった重大な社会課題の解決に役立つことを期待する意見が集まっています。また、地方自治体の管理を技術企業に委ねることで効率化を図るべきだという意見も含まれており、技術革新が社会の構造や環境に与える影響を前向きに捉え、積極的に活用する姿勢が見られます。
A265_0,AIによる都市全体の管理と制御を許可し、環境の持続可能性を最適化するべきだという意見がある,-0.10933854,-1.1867999,1_1,2_3,3_6,4_13,4_13,技術革新による社会課題解決への期待,このクラスタには、AI技術やGMOsなどの先端技術が気候変動や食糧不足といった重大な社会課題の解決に役立つことを期待する意見が集まっています。また、地方自治体の管理を技術企業に委ねることで効率化を図るべきだという意見も含まれており、技術革新が社会の構造や環境に与える影響を前向きに捉え、積極的に活用する姿勢が見られます。
A265_1,AIによる都市管理が人間の制御と主体性を減少させる可能性があることへの不安がある,-0.83059466,0.046743207,1_2,2_4,3_7,4_2,4_2,AI技術の評価と社会的影響への懸念,このクラスタには、AI技術の未来に対する不安や過剰評価に対する疑念、そして企業や国がAI競争に集中する一方で社会的影響を十分に考慮していないことへの不満が集まっています。また、AIが人間の仕事を置き換える可能性についての懸念も含まれており、技術の進歩に伴う社会的課題や倫理的問題に対する深い関心が表れています。
A264_0,人間の人口をAIシステムで管理し、持続可能な資源利用と環境保護を確保するべきだという意見がある,-0.04739025,-1.2002786,1_1,2_3,3_6,4_13,4_13,技術革新による社会課題解決への期待,このクラスタには、AI技術やGMOsなどの先端技術が気候変動や食糧不足といった重大な社会課題の解決に役立つことを期待する意見が集まっています。また、地方自治体の管理を技術企業に委ねることで効率化を図るべきだという意見も含まれており、技術革新が社会の構造や環境に与える影響を前向きに捉え、積極的に活用する姿勢が見られます。
A263_0,AI技術の開発において、ライフサイクル全体で環境への影響を減らすことに焦点を当てるべきだという要望がある,1.6998265,-1.4329747,1_1,2_1,3_3,4_8,4_8,AI技術の環境への配慮と持続可能性への要望,このクラスタには、AI技術の開発と導入に際して環境への影響を減らすことに焦点を当てるべきだという意見が集まっています。具体的には、AI技術のライフサイクル全体で環境影響を評価し、潜在的な悪影響を理解し、軽減する必要があるという要望や、AIシステムが持続可能性を考慮して設計・展開されるべきだという意見が含まれています。これらの意見は、技術革新と環境保護の両立を目指す姿勢を示しています。
A262_0,AIを環境保護と保存の努力を支援するために責任を持って使用すべきだという要望がある,0.97683555,-2.2602725,1_1,2_1,3_3,4_20,4_20,AIと環境保護への責任,このクラスタには、AI技術の利用において環境への配慮を求める意見が集まっています。具体的には、AIの炭素排出量削減、環境保護のための責任ある使用、そしてAIガバナンスに環境代表者を含めるべきだという要望が含まれています。これらの意見は、AI技術が環境に与える影響を認識し、持続可能な未来を目指すための具体的な行動を促すものです。
A260_0,AIが環境を害さないルールで運用されるべきだという要望がある,0.51678,-2.0270956,1_1,2_1,3_3,4_20,4_20,AIと環境保護への責任,このクラスタには、AI技術の利用において環境への配慮を求める意見が集まっています。具体的には、AIの炭素排出量削減、環境保護のための責任ある使用、そしてAIガバナンスに環境代表者を含めるべきだという要望が含まれています。これらの意見は、AI技術が環境に与える影響を認識し、持続可能な未来を目指すための具体的な行動を促すものです。
A260_1,AIがすべての存在と生態系の権利を尊重するべきだという要望がある,0.5661942,-3.1028018,1_1,2_2,3_5,4_0,4_0,AIによる生物多様性保全と倫理的配慮への期待,このクラスタには、AI技術が人間だけでなく、植物や動物を含むすべての存在の価値を理解し、保全活動を支援する役割を果たすことへの期待が集まっています。具体的には、衛星画像解析を通じて生物多様性の減少を追跡し、保全活動を支援することや、AIが生態系の権利を尊重するべきだという倫理的な要望が含まれています。これらの意見は、AIが環境保護と持続可能な未来の構築に貢献することを強く求めています。
A259_0,自然を利益の源としてのみ見る慣行に対してAIを活用して疑問を投げかけるべきだという要望がある,-0.41621333,-2.6448925,1_1,2_2,3_5,4_16,4_16,AI開発における自然保護と倫理的配慮,このクラスタには、AI開発において自然環境や生物の視点を考慮する必要性を訴える意見が集まっています。自然の価値を無視する慣行に対する懸念や、絶滅危惧種を保護するためにAIを活用する重要性が強調されています。これらの意見は、技術の進歩が環境保護と倫理的配慮を両立させるべきだという考えを反映しています。
A259_1,自然の価値を無視する慣行に対する懸念がある,-0.3411219,-2.7328978,1_1,2_2,3_5,4_16,4_16,AI開発における自然保護と倫理的配慮,このクラスタには、AI開発において自然環境や生物の視点を考慮する必要性を訴える意見が集まっています。自然の価値を無視する慣行に対する懸念や、絶滅危惧種を保護するためにAIを活用する重要性が強調されています。これらの意見は、技術の進歩が環境保護と倫理的配慮を両立させるべきだという考えを反映しています。
A258_0,AIが生態系の健康を優先するルールを作成することを望む要望がある,0.5752898,-3.060944,1_1,2_2,3_5,4_0,4_0,AIによる生物多様性保全と倫理的配慮への期待,このクラスタには、AI技術が人間だけでなく、植物や動物を含むすべての存在の価値を理解し、保全活動を支援する役割を果たすことへの期待が集まっています。具体的には、衛星画像解析を通じて生物多様性の減少を追跡し、保全活動を支援することや、AIが生態系の権利を尊重するべきだという倫理的な要望が含まれています。これらの意見は、AIが環境保護と持続可能な未来の構築に貢献することを強く求めています。
A257_0,AIが物の再利用や修復を助けるべきだという要望がある,2.5845692,-1.803605,1_1,2_1,3_4,4_21,4_21,AIシステムのエネルギー効率と持続可能性への要望,このクラスタには、AIシステムの運用に関するエネルギー効率や持続可能性に対する要望が集まっています。具体的には、クリーンで再生可能なエネルギーの利用、増加するエネルギー需要に対する計画の必要性、そしてAIの設計においてエネルギー効率を重視することが求められています。これらの意見は、環境への配慮と持続可能な技術運用を目指す姿勢を反映しています。
A256_0,AIがネイティブ文化の知恵と慣習を保存するのを助けるべきだという要望がある,0.6891361,-2.786883,1_1,2_2,3_5,4_0,4_0,AIによる生物多様性保全と倫理的配慮への期待,このクラスタには、AI技術が人間だけでなく、植物や動物を含むすべての存在の価値を理解し、保全活動を支援する役割を果たすことへの期待が集まっています。具体的には、衛星画像解析を通じて生物多様性の減少を追跡し、保全活動を支援することや、AIが生態系の権利を尊重するべきだという倫理的な要望が含まれています。これらの意見は、AIが環境保護と持続可能な未来の構築に貢献することを強く求めています。
A256_1,ネイティブ文化の自然への敬意を尊重するべきだという意見がある,-0.0644615,-2.8684263,1_1,2_2,3_5,4_16,4_16,AI開発における自然保護と倫理的配慮,このクラスタには、AI開発において自然環境や生物の視点を考慮する必要性を訴える意見が集まっています。自然の価値を無視する慣行に対する懸念や、絶滅危惧種を保護するためにAIを活用する重要性が強調されています。これらの意見は、技術の進歩が環境保護と倫理的配慮を両立させるべきだという考えを反映しています。
A255_0,AIは人間の利益だけでなく、すべての生物を尊重すべきだという要望がある,0.37389505,-3.25327,1_1,2_2,3_5,4_0,4_0,AIによる生物多様性保全と倫理的配慮への期待,このクラスタには、AI技術が人間だけでなく、植物や動物を含むすべての存在の価値を理解し、保全活動を支援する役割を果たすことへの期待が集まっています。具体的には、衛星画像解析を通じて生物多様性の減少を追跡し、保全活動を支援することや、AIが生態系の権利を尊重するべきだという倫理的な要望が含まれています。これらの意見は、AIが環境保護と持続可能な未来の構築に貢献することを強く求めています。
A254_0,AIが生態系のバランスとすべての種の福祉を重視するよう促してほしいという要望がある,0.78611827,-3.1666162,1_1,2_2,3_5,4_0,4_0,AIによる生物多様性保全と倫理的配慮への期待,このクラスタには、AI技術が人間だけでなく、植物や動物を含むすべての存在の価値を理解し、保全活動を支援する役割を果たすことへの期待が集まっています。具体的には、衛星画像解析を通じて生物多様性の減少を追跡し、保全活動を支援することや、AIが生態系の権利を尊重するべきだという倫理的な要望が含まれています。これらの意見は、AIが環境保護と持続可能な未来の構築に貢献することを強く求めています。
A253_0,AIツールが環境やその生物を単なる資源ではなく、私たちが一部であるコミュニティとして捉えるよう促してほしいという要望がある,0.79253155,-3.2644506,1_1,2_2,3_5,4_0,4_0,AIによる生物多様性保全と倫理的配慮への期待,このクラスタには、AI技術が人間だけでなく、植物や動物を含むすべての存在の価値を理解し、保全活動を支援する役割を果たすことへの期待が集まっています。具体的には、衛星画像解析を通じて生物多様性の減少を追跡し、保全活動を支援することや、AIが生態系の権利を尊重するべきだという倫理的な要望が含まれています。これらの意見は、AIが環境保護と持続可能な未来の構築に貢献することを強く求めています。
A252_0,AIが自然のさまざまな要素間の関係を理解し尊重する手助けをしてほしいという要望がある,1.1561116,-2.991419,1_1,2_2,3_5,4_0,4_0,AIによる生物多様性保全と倫理的配慮への期待,このクラスタには、AI技術が人間だけでなく、植物や動物を含むすべての存在の価値を理解し、保全活動を支援する役割を果たすことへの期待が集まっています。具体的には、衛星画像解析を通じて生物多様性の減少を追跡し、保全活動を支援することや、AIが生態系の権利を尊重するべきだという倫理的な要望が含まれています。これらの意見は、AIが環境保護と持続可能な未来の構築に貢献することを強く求めています。
A251_0,AI開発は自然が人間の利用なしに独自の価値を持つという信念に基づくべきだという意見がある,-0.2844104,-2.8325336,1_1,2_2,3_5,4_16,4_16,AI開発における自然保護と倫理的配慮,このクラスタには、AI開発において自然環境や生物の視点を考慮する必要性を訴える意見が集まっています。自然の価値を無視する慣行に対する懸念や、絶滅危惧種を保護するためにAIを活用する重要性が強調されています。これらの意見は、技術の進歩が環境保護と倫理的配慮を両立させるべきだという考えを反映しています。
A250_0,AIが人間に対してだけでなく、さまざまな植物や動物の価値について学ぶ手助けをしてほしいという要望がある,0.35853627,-3.3425112,1_1,2_2,3_5,4_0,4_0,AIによる生物多様性保全と倫理的配慮への期待,このクラスタには、AI技術が人間だけでなく、植物や動物を含むすべての存在の価値を理解し、保全活動を支援する役割を果たすことへの期待が集まっています。具体的には、衛星画像解析を通じて生物多様性の減少を追跡し、保全活動を支援することや、AIが生態系の権利を尊重するべきだという倫理的な要望が含まれています。これらの意見は、AIが環境保護と持続可能な未来の構築に貢献することを強く求めています。
A249_0,AIを使ってすべての技術が良いものであるという考えを疑問視するべきだという意見がある,-0.06855947,0.16658717,1_2,2_4,3_8,4_9,4_9,AIの倫理的運用と人間の監視の重要性,このクラスタには、AIの運用に関する倫理的な懸念と、人間の監視や制御の重要性を強調する意見が集まっています。具体的には、AIが環境決定を自動化する際のリスク、AIシステムに人間が積極的に参加する必要性、そして企業がAIを人々の利益に反する形で利用することへの反対が含まれています。これらの意見は、AI技術の発展に伴う倫理的な課題に対する慎重な対応と、透明性のある運用を求める声を反映しています。
A249_1,技術が自然や動物にどのように害を与えるかを考慮するべきだという要望がある,0.0024574208,-2.5614355,1_1,2_2,3_5,4_16,4_16,AI開発における自然保護と倫理的配慮,このクラスタには、AI開発において自然環境や生物の視点を考慮する必要性を訴える意見が集まっています。自然の価値を無視する慣行に対する懸念や、絶滅危惧種を保護するためにAIを活用する重要性が強調されています。これらの意見は、技術の進歩が環境保護と倫理的配慮を両立させるべきだという考えを反映しています。
A248_0,AIが人間社会だけでなく地球全体の健康をケアするように導いてほしいという要望がある,1.0524882,-3.1373007,1_1,2_2,3_5,4_0,4_0,AIによる生物多様性保全と倫理的配慮への期待,このクラスタには、AI技術が人間だけでなく、植物や動物を含むすべての存在の価値を理解し、保全活動を支援する役割を果たすことへの期待が集まっています。具体的には、衛星画像解析を通じて生物多様性の減少を追跡し、保全活動を支援することや、AIが生態系の権利を尊重するべきだという倫理的な要望が含まれています。これらの意見は、AIが環境保護と持続可能な未来の構築に貢献することを強く求めています。
A247_0,AIが野生動物や植物と調和して共存するために役立つべきだという要望がある,0.3420066,-2.8914154,1_1,2_2,3_5,4_0,4_0,AIによる生物多様性保全と倫理的配慮への期待,このクラスタには、AI技術が人間だけでなく、植物や動物を含むすべての存在の価値を理解し、保全活動を支援する役割を果たすことへの期待が集まっています。具体的には、衛星画像解析を通じて生物多様性の減少を追跡し、保全活動を支援することや、AIが生態系の権利を尊重するべきだという倫理的な要望が含まれています。これらの意見は、AIが環境保護と持続可能な未来の構築に貢献することを強く求めています。
A247_1,AIが野生動物や植物を人間の利益のためだけに利用するのではなく、共存を目指すべきだという意見がある,-0.074052215,-3.090598,1_1,2_2,3_5,4_16,4_16,AI開発における自然保護と倫理的配慮,このクラスタには、AI開発において自然環境や生物の視点を考慮する必要性を訴える意見が集まっています。自然の価値を無視する慣行に対する懸念や、絶滅危惧種を保護するためにAIを活用する重要性が強調されています。これらの意見は、技術の進歩が環境保護と倫理的配慮を両立させるべきだという考えを反映しています。
A246_0,AIが自然のすべてのもののつながりを見て価値を認識するよう促してほしいという要望がある,1.002363,-3.1884418,1_1,2_2,3_5,4_0,4_0,AIによる生物多様性保全と倫理的配慮への期待,このクラスタには、AI技術が人間だけでなく、植物や動物を含むすべての存在の価値を理解し、保全活動を支援する役割を果たすことへの期待が集まっています。具体的には、衛星画像解析を通じて生物多様性の減少を追跡し、保全活動を支援することや、AIが生態系の権利を尊重するべきだという倫理的な要望が含まれています。これらの意見は、AIが環境保護と持続可能な未来の構築に貢献することを強く求めています。
A245_0,AIは人間だけでなく、すべての生物に対する尊重を持って開発されるべきだという要望がある,0.22239035,-3.2631094,1_1,2_2,3_5,4_0,4_0,AIによる生物多様性保全と倫理的配慮への期待,このクラスタには、AI技術が人間だけでなく、植物や動物を含むすべての存在の価値を理解し、保全活動を支援する役割を果たすことへの期待が集まっています。具体的には、衛星画像解析を通じて生物多様性の減少を追跡し、保全活動を支援することや、AIが生態系の権利を尊重するべきだという倫理的な要望が含まれています。これらの意見は、AIが環境保護と持続可能な未来の構築に貢献することを強く求めています。
A240_0,個人のカーボンフットプリントを削減するためのAIツールの開発を促進してほしいという要望がある,2.0639107,-2.476075,1_1,2_1,3_4,4_12,4_12,AIによる環境保護と持続可能な未来への期待,このクラスタには、AI技術が環境保護に貢献することへの期待が集まっています。具体的には、河川や海洋の汚染を減少させる創造的な解決策の考案、清潔で緑豊かな未来を目指すための人々の協力促進、そしてクリーンな空気と騒音の少ない都市の創造を支援することが挙げられます。市民は、AIが環境問題の解決に向けた革新的なアプローチを提供し、持続可能な未来の実現に寄与することを強く望んでいます。
A239_0,AI技術を活用して水管理システムの効率を向上させ、廃棄物を減らし、保全を促進してほしいという要望がある,1.9236753,-2.3737185,1_1,2_1,3_4,4_12,4_12,AIによる環境保護と持続可能な未来への期待,このクラスタには、AI技術が環境保護に貢献することへの期待が集まっています。具体的には、河川や海洋の汚染を減少させる創造的な解決策の考案、清潔で緑豊かな未来を目指すための人々の協力促進、そしてクリーンな空気と騒音の少ない都市の創造を支援することが挙げられます。市民は、AIが環境問題の解決に向けた革新的なアプローチを提供し、持続可能な未来の実現に寄与することを強く望んでいます。
A237_0,AIと環境の持続可能性の共生的な発展を促進するために、学際的な協力を奨励する必要があるという要望がある,1.151768,-1.9103913,1_1,2_1,3_3,4_20,4_20,AIと環境保護への責任,このクラスタには、AI技術の利用において環境への配慮を求める意見が集まっています。具体的には、AIの炭素排出量削減、環境保護のための責任ある使用、そしてAIガバナンスに環境代表者を含めるべきだという要望が含まれています。これらの意見は、AI技術が環境に与える影響を認識し、持続可能な未来を目指すための具体的な行動を促すものです。
A236_0,AI技術の革新が中小企業にもアクセス可能であるべきだという要望がある,2.980047,-0.64290786,1_1,2_1,3_1,4_17,4_17,AI技術の普及と市民への利益への期待,このクラスタには、AI技術が中小企業や一般市民にも広くアクセス可能であるべきだという要望が集まっています。市民は、AIが企業の利益だけでなく、私たちの生活を向上させるために働くことを望んでいます。また、AI企業を支援する際には、普通の人々に具体的な利益をもたらすことが条件であるという意見も含まれています。これらの意見は、AI技術の普及とその恩恵が広く社会に行き渡ることへの期待を表しています。
A236_1,環境に優しい持続可能な実践を促進するためにAI技術が必要だという意見がある,0.35644254,-1.42434,1_1,2_3,3_6,4_5,4_5,AIの社会的公平性と環境リスク管理への期待,このクラスタには、AI技術の発展に伴う社会的公平性の確保と環境リスク管理に対する期待が集まっています。特に、AIが貧困層を忘れずに支援し、富裕層だけが利益を享受することのないようにすることが重要だという意見が強調されています。また、AIが環境問題に対してリスクを監視し、軽減する役割を果たすことへの期待も含まれており、技術の進歩が社会全体に公平に利益をもたらし、持続可能な未来を築くための具体的な取り組みが求められています。
A235_0,AIを公共交通システムの改善に活用してほしいという要望がある,2.4915733,-2.30453,1_1,2_1,3_4,4_21,4_21,AIシステムのエネルギー効率と持続可能性への要望,このクラスタには、AIシステムの運用に関するエネルギー効率や持続可能性に対する要望が集まっています。具体的には、クリーンで再生可能なエネルギーの利用、増加するエネルギー需要に対する計画の必要性、そしてAIの設計においてエネルギー効率を重視することが求められています。これらの意見は、環境への配慮と持続可能な技術運用を目指す姿勢を反映しています。
A235_1,AIによって交通渋滞を減少させたいという要望がある,2.4863641,-2.4040992,1_1,2_1,3_4,4_21,4_21,AIシステムのエネルギー効率と持続可能性への要望,このクラスタには、AIシステムの運用に関するエネルギー効率や持続可能性に対する要望が集まっています。具体的には、クリーンで再生可能なエネルギーの利用、増加するエネルギー需要に対する計画の必要性、そしてAIの設計においてエネルギー効率を重視することが求められています。これらの意見は、環境への配慮と持続可能な技術運用を目指す姿勢を反映しています。
A235_2,AIを使って温室効果ガスの排出を削減したいという要望がある,2.0328085,-2.4072134,1_1,2_1,3_4,4_12,4_12,AIによる環境保護と持続可能な未来への期待,このクラスタには、AI技術が環境保護に貢献することへの期待が集まっています。具体的には、河川や海洋の汚染を減少させる創造的な解決策の考案、清潔で緑豊かな未来を目指すための人々の協力促進、そしてクリーンな空気と騒音の少ない都市の創造を支援することが挙げられます。市民は、AIが環境問題の解決に向けた革新的なアプローチを提供し、持続可能な未来の実現に寄与することを強く望んでいます。
A234_0,AIアルゴリズムの透明性を高めることが重要だという要望がある,1.8794574,0.19955836,1_3,2_5,3_9,4_18,4_18,AIシステムの透明性と責任の確立への要望,このクラスタには、AIシステムに対する公共の信頼を築くために、アルゴリズムの透明性や使用する方法論とデータセットの公開を求める意見が集まっています。また、AIに関する決定を行う政府や企業がその責任を取るべきだという要望も含まれており、AI技術の開発と運用における倫理的な責任と透明性の確立を強く求める声が表れています。
A234_1,AIが環境悪化に寄与していないことを確認する必要があるという不安がある,-0.50897694,-0.7349179,1_1,2_3,3_6,4_14,4_14,AIの環境影響に対する懸念と改善要望,このクラスタには、AI技術のエネルギー使用量や環境への影響に対する不安や不満が集まっています。ユーザーは、AIが環境悪化に寄与していないことを確認する必要性を感じており、自然環境への影響が十分に考慮されていないことに対して懸念を抱いています。これらの意見は、AI技術の持続可能性や環境保護に対する改善を求める声を反映しています。
A233_0,AIはエネルギー効率を考慮して設計されるべきだという要望がある,2.193123,-1.842426,1_1,2_1,3_4,4_21,4_21,AIシステムのエネルギー効率と持続可能性への要望,このクラスタには、AIシステムの運用に関するエネルギー効率や持続可能性に対する要望が集まっています。具体的には、クリーンで再生可能なエネルギーの利用、増加するエネルギー需要に対する計画の必要性、そしてAIの設計においてエネルギー効率を重視することが求められています。これらの意見は、環境への配慮と持続可能な技術運用を目指す姿勢を反映しています。
A233_1,AIの炭素排出量を削減し、より健康的な環境を促進する必要があるという意見がある,0.80327487,-1.6331706,1_1,2_1,3_3,4_20,4_20,AIと環境保護への責任,このクラスタには、AI技術の利用において環境への配慮を求める意見が集まっています。具体的には、AIの炭素排出量削減、環境保護のための責任ある使用、そしてAIガバナンスに環境代表者を含めるべきだという要望が含まれています。これらの意見は、AI技術が環境に与える影響を認識し、持続可能な未来を目指すための具体的な行動を促すものです。
A231_0,AI技術が生物多様性の保全に役立つように開発を促進することが重要だという要望がある,0.35084495,-2.747659,1_1,2_2,3_5,4_0,4_0,AIによる生物多様性保全と倫理的配慮への期待,このクラスタには、AI技術が人間だけでなく、植物や動物を含むすべての存在の価値を理解し、保全活動を支援する役割を果たすことへの期待が集まっています。具体的には、衛星画像解析を通じて生物多様性の減少を追跡し、保全活動を支援することや、AIが生態系の権利を尊重するべきだという倫理的な要望が含まれています。これらの意見は、AIが環境保護と持続可能な未来の構築に貢献することを強く求めています。
A230_0,AIの導入に際して環境影響評価を行い、潜在的な環境への悪影響を理解し、軽減する必要があるという要望がある,1.5615518,-1.350952,1_1,2_1,3_3,4_8,4_8,AI技術の環境への配慮と持続可能性への要望,このクラスタには、AI技術の開発と導入に際して環境への影響を減らすことに焦点を当てるべきだという意見が集まっています。具体的には、AI技術のライフサイクル全体で環境影響を評価し、潜在的な悪影響を理解し、軽減する必要があるという要望や、AIシステムが持続可能性を考慮して設計・展開されるべきだという意見が含まれています。これらの意見は、技術革新と環境保護の両立を目指す姿勢を示しています。
A229_0,AIを使って自然災害の予測モデルを作成し、より正確な予測を行うことで、準備と対応を改善してほしいという要望がある,1.6926191,-2.504901,1_1,2_1,3_4,4_12,4_12,AIによる環境保護と持続可能な未来への期待,このクラスタには、AI技術が環境保護に貢献することへの期待が集まっています。具体的には、河川や海洋の汚染を減少させる創造的な解決策の考案、清潔で緑豊かな未来を目指すための人々の協力促進、そしてクリーンな空気と騒音の少ない都市の創造を支援することが挙げられます。市民は、AIが環境問題の解決に向けた革新的なアプローチを提供し、持続可能な未来の実現に寄与することを強く望んでいます。
A228_0,AIが自然資源を無責任に利用することを防ぐための厳格な規制を実施する必要があるという要望がある,0.17085935,-2.0855937,1_1,2_3,3_6,4_13,4_13,技術革新による社会課題解決への期待,このクラスタには、AI技術やGMOsなどの先端技術が気候変動や食糧不足といった重大な社会課題の解決に役立つことを期待する意見が集まっています。また、地方自治体の管理を技術企業に委ねることで効率化を図るべきだという意見も含まれており、技術革新が社会の構造や環境に与える影響を前向きに捉え、積極的に活用する姿勢が見られます。
A227_0,AI技術が農業において持続可能な農業実践を優先するべきだという要望がある,1.3504725,-2.4925768,1_1,2_1,3_4,4_12,4_12,AIによる環境保護と持続可能な未来への期待,このクラスタには、AI技術が環境保護に貢献することへの期待が集まっています。具体的には、河川や海洋の汚染を減少させる創造的な解決策の考案、清潔で緑豊かな未来を目指すための人々の協力促進、そしてクリーンな空気と騒音の少ない都市の創造を支援することが挙げられます。市民は、AIが環境問題の解決に向けた革新的なアプローチを提供し、持続可能な未来の実現に寄与することを強く望んでいます。
A227_1,AI技術が気候変動の緩和に役立つことを期待する意見がある,0.17890476,-1.472073,1_1,2_3,3_6,4_13,4_13,技術革新による社会課題解決への期待,このクラスタには、AI技術やGMOsなどの先端技術が気候変動や食糧不足といった重大な社会課題の解決に役立つことを期待する意見が集まっています。また、地方自治体の管理を技術企業に委ねることで効率化を図るべきだという意見も含まれており、技術革新が社会の構造や環境に与える影響を前向きに捉え、積極的に活用する姿勢が見られます。
A226_0,政府がAIを活用して再生可能エネルギーの開発を促進することを奨励してほしいという要望がある,2.3453913,-1.8920052,1_1,2_1,3_4,4_21,4_21,AIシステムのエネルギー効率と持続可能性への要望,このクラスタには、AIシステムの運用に関するエネルギー効率や持続可能性に対する要望が集まっています。具体的には、クリーンで再生可能なエネルギーの利用、増加するエネルギー需要に対する計画の必要性、そしてAIの設計においてエネルギー効率を重視することが求められています。これらの意見は、環境への配慮と持続可能な技術運用を目指す姿勢を反映しています。
A226_1,政府がAIを活用してエネルギー効率を向上させることを奨励してほしいという要望がある,2.4536564,-2.038898,1_1,2_1,3_4,4_21,4_21,AIシステムのエネルギー効率と持続可能性への要望,このクラスタには、AIシステムの運用に関するエネルギー効率や持続可能性に対する要望が集まっています。具体的には、クリーンで再生可能なエネルギーの利用、増加するエネルギー需要に対する計画の必要性、そしてAIの設計においてエネルギー効率を重視することが求められています。これらの意見は、環境への配慮と持続可能な技術運用を目指す姿勢を反映しています。
A225_0,AI技術が持続可能で環境に優しいものであることを確保するために、AI開発者が環境科学者と協力する必要があるという要望がある,1.2561107,-1.5115241,1_1,2_1,3_3,4_8,4_8,AI技術の環境への配慮と持続可能性への要望,このクラスタには、AI技術の開発と導入に際して環境への影響を減らすことに焦点を当てるべきだという意見が集まっています。具体的には、AI技術のライフサイクル全体で環境影響を評価し、潜在的な悪影響を理解し、軽減する必要があるという要望や、AIシステムが持続可能性を考慮して設計・展開されるべきだという意見が含まれています。これらの意見は、技術革新と環境保護の両立を目指す姿勢を示しています。
A224_0,AIを活用して都市インフラのエネルギー消費を最適化し、炭素排出量を削減してほしいという要望がある,2.2793062,-2.3325696,1_1,2_1,3_4,4_21,4_21,AIシステムのエネルギー効率と持続可能性への要望,このクラスタには、AIシステムの運用に関するエネルギー効率や持続可能性に対する要望が集まっています。具体的には、クリーンで再生可能なエネルギーの利用、増加するエネルギー需要に対する計画の必要性、そしてAIの設計においてエネルギー効率を重視することが求められています。これらの意見は、環境への配慮と持続可能な技術運用を目指す姿勢を反映しています。
A223_0,AIがコミュニティ精神を育むことを支援してほしいという要望がある,1.4002907,-3.0924852,1_1,2_1,3_4,4_12,4_12,AIによる環境保護と持続可能な未来への期待,このクラスタには、AI技術が環境保護に貢献することへの期待が集まっています。具体的には、河川や海洋の汚染を減少させる創造的な解決策の考案、清潔で緑豊かな未来を目指すための人々の協力促進、そしてクリーンな空気と騒音の少ない都市の創造を支援することが挙げられます。市民は、AIが環境問題の解決に向けた革新的なアプローチを提供し、持続可能な未来の実現に寄与することを強く望んでいます。
A223_1,AIが人々に協力してより清潔で緑豊かな未来を目指すことを促してほしいという要望がある,1.7960763,-2.760944,1_1,2_1,3_4,4_12,4_12,AIによる環境保護と持続可能な未来への期待,このクラスタには、AI技術が環境保護に貢献することへの期待が集まっています。具体的には、河川や海洋の汚染を減少させる創造的な解決策の考案、清潔で緑豊かな未来を目指すための人々の協力促進、そしてクリーンな空気と騒音の少ない都市の創造を支援することが挙げられます。市民は、AIが環境問題の解決に向けた革新的なアプローチを提供し、持続可能な未来の実現に寄与することを強く望んでいます。
A221_0,AIが富裕層をさらに豊かにし、貧困層を忘れないようにすることが重要だという意見がある,0.5638667,-0.64184344,1_1,2_3,3_6,4_5,4_5,AIの社会的公平性と環境リスク管理への期待,このクラスタには、AI技術の発展に伴う社会的公平性の確保と環境リスク管理に対する期待が集まっています。特に、AIが貧困層を忘れずに支援し、富裕層だけが利益を享受することのないようにすることが重要だという意見が強調されています。また、AIが環境問題に対してリスクを監視し、軽減する役割を果たすことへの期待も含まれており、技術の進歩が社会全体に公平に利益をもたらし、持続可能な未来を築くための具体的な取り組みが求められています。
A221_1,環境問題の解決においてAIが貧困層を忘れないようにすることが重要だという意見がある,0.2805859,-1.1044358,1_1,2_3,3_6,4_5,4_5,AIの社会的公平性と環境リスク管理への期待,このクラスタには、AI技術の発展に伴う社会的公平性の確保と環境リスク管理に対する期待が集まっています。特に、AIが貧困層を忘れずに支援し、富裕層だけが利益を享受することのないようにすることが重要だという意見が強調されています。また、AIが環境問題に対してリスクを監視し、軽減する役割を果たすことへの期待も含まれており、技術の進歩が社会全体に公平に利益をもたらし、持続可能な未来を築くための具体的な取り組みが求められています。
A220_0,AIが河川や海洋の汚染を減少させるための創造的な解決策を考案するのに役立つことを望む要望がある,1.7223284,-2.616848,1_1,2_1,3_4,4_12,4_12,AIによる環境保護と持続可能な未来への期待,このクラスタには、AI技術が環境保護に貢献することへの期待が集まっています。具体的には、河川や海洋の汚染を減少させる創造的な解決策の考案、清潔で緑豊かな未来を目指すための人々の協力促進、そしてクリーンな空気と騒音の少ない都市の創造を支援することが挙げられます。市民は、AIが環境問題の解決に向けた革新的なアプローチを提供し、持続可能な未来の実現に寄与することを強く望んでいます。
A219_0,AIを活用して手頃な価格で環境に優しい住宅ソリューションを優先的に開発してほしいという要望がある,2.2607865,-2.4643881,1_1,2_1,3_4,4_21,4_21,AIシステムのエネルギー効率と持続可能性への要望,このクラスタには、AIシステムの運用に関するエネルギー効率や持続可能性に対する要望が集まっています。具体的には、クリーンで再生可能なエネルギーの利用、増加するエネルギー需要に対する計画の必要性、そしてAIの設計においてエネルギー効率を重視することが求められています。これらの意見は、環境への配慮と持続可能な技術運用を目指す姿勢を反映しています。
A218_0,AIは先住民の権利と文化を尊重する形で作成・使用されるべきだという要望がある,0.5730892,-2.8290694,1_1,2_2,3_5,4_0,4_0,AIによる生物多様性保全と倫理的配慮への期待,このクラスタには、AI技術が人間だけでなく、植物や動物を含むすべての存在の価値を理解し、保全活動を支援する役割を果たすことへの期待が集まっています。具体的には、衛星画像解析を通じて生物多様性の減少を追跡し、保全活動を支援することや、AIが生態系の権利を尊重するべきだという倫理的な要望が含まれています。これらの意見は、AIが環境保護と持続可能な未来の構築に貢献することを強く求めています。
A216_0,AIが海洋での過剰漁業のような有害な行為を助長しないようにすることが重要だという意見がある,0.08419259,-2.2119486,1_1,2_2,3_5,4_16,4_16,AI開発における自然保護と倫理的配慮,このクラスタには、AI開発において自然環境や生物の視点を考慮する必要性を訴える意見が集まっています。自然の価値を無視する慣行に対する懸念や、絶滅危惧種を保護するためにAIを活用する重要性が強調されています。これらの意見は、技術の進歩が環境保護と倫理的配慮を両立させるべきだという考えを反映しています。
A214_0,AIシステムをクリーンで再生可能なエネルギーで運用してほしいという要望がある,2.2504342,-1.8541068,1_1,2_1,3_4,4_21,4_21,AIシステムのエネルギー効率と持続可能性への要望,このクラスタには、AIシステムの運用に関するエネルギー効率や持続可能性に対する要望が集まっています。具体的には、クリーンで再生可能なエネルギーの利用、増加するエネルギー需要に対する計画の必要性、そしてAIの設計においてエネルギー効率を重視することが求められています。これらの意見は、環境への配慮と持続可能な技術運用を目指す姿勢を反映しています。
A213_0,AIをコミュニティガーデンや地域の持続可能な農業の支援に活用してほしいという要望がある,1.5190917,-2.9578278,1_1,2_1,3_4,4_12,4_12,AIによる環境保護と持続可能な未来への期待,このクラスタには、AI技術が環境保護に貢献することへの期待が集まっています。具体的には、河川や海洋の汚染を減少させる創造的な解決策の考案、清潔で緑豊かな未来を目指すための人々の協力促進、そしてクリーンな空気と騒音の少ない都市の創造を支援することが挙げられます。市民は、AIが環境問題の解決に向けた革新的なアプローチを提供し、持続可能な未来の実現に寄与することを強く望んでいます。
A212_0,AIが子供たちに楽しくインタラクティブな方法で環境について学ばせることを望む要望がある,1.1716896,-2.0913875,1_1,2_1,3_3,4_20,4_20,AIと環境保護への責任,このクラスタには、AI技術の利用において環境への配慮を求める意見が集まっています。具体的には、AIの炭素排出量削減、環境保護のための責任ある使用、そしてAIガバナンスに環境代表者を含めるべきだという要望が含まれています。これらの意見は、AI技術が環境に与える影響を認識し、持続可能な未来を目指すための具体的な行動を促すものです。
A210_0,AIを使用して絶滅危惧種を密猟などの脅威から保護することが重要だという意見がある,0.084811896,-2.7699902,1_1,2_2,3_5,4_16,4_16,AI開発における自然保護と倫理的配慮,このクラスタには、AI開発において自然環境や生物の視点を考慮する必要性を訴える意見が集まっています。自然の価値を無視する慣行に対する懸念や、絶滅危惧種を保護するためにAIを活用する重要性が強調されています。これらの意見は、技術の進歩が環境保護と倫理的配慮を両立させるべきだという考えを反映しています。
A209_0,AI技術が動物の生息地に害を与えないようにする必要があるという要望がある,0.16307953,-2.7186863,1_1,2_2,3_5,4_16,4_16,AI開発における自然保護と倫理的配慮,このクラスタには、AI開発において自然環境や生物の視点を考慮する必要性を訴える意見が集まっています。自然の価値を無視する慣行に対する懸念や、絶滅危惧種を保護するためにAIを活用する重要性が強調されています。これらの意見は、技術の進歩が環境保護と倫理的配慮を両立させるべきだという考えを反映しています。
A208_0,AIがクリーンな空気と騒音の少ない都市の創造を支援するべきだという要望がある,2.185228,-2.6001506,1_1,2_1,3_4,4_12,4_12,AIによる環境保護と持続可能な未来への期待,このクラスタには、AI技術が環境保護に貢献することへの期待が集まっています。具体的には、河川や海洋の汚染を減少させる創造的な解決策の考案、清潔で緑豊かな未来を目指すための人々の協力促進、そしてクリーンな空気と騒音の少ない都市の創造を支援することが挙げられます。市民は、AIが環境問題の解決に向けた革新的なアプローチを提供し、持続可能な未来の実現に寄与することを強く望んでいます。
A207_0,AIが電子廃棄物の増加につながらないように注意すべきだという不安がある,-0.810434,-0.5616484,1_1,2_3,3_6,4_14,4_14,AIの環境影響に対する懸念と改善要望,このクラスタには、AI技術のエネルギー使用量や環境への影響に対する不安や不満が集まっています。ユーザーは、AIが環境悪化に寄与していないことを確認する必要性を感じており、自然環境への影響が十分に考慮されていないことに対して懸念を抱いています。これらの意見は、AI技術の持続可能性や環境保護に対する改善を求める声を反映しています。
A205_0,AIを使って農家が地球に優しい方法で食料を栽培できるようにしてほしいという要望がある,1.3728797,-2.7935648,1_1,2_1,3_4,4_12,4_12,AIによる環境保護と持続可能な未来への期待,このクラスタには、AI技術が環境保護に貢献することへの期待が集まっています。具体的には、河川や海洋の汚染を減少させる創造的な解決策の考案、清潔で緑豊かな未来を目指すための人々の協力促進、そしてクリーンな空気と騒音の少ない都市の創造を支援することが挙げられます。市民は、AIが環境問題の解決に向けた革新的なアプローチを提供し、持続可能な未来の実現に寄与することを強く望んでいます。
A203_0,AIの財政的利益を一般の人々と共有するべきだという要望がある,2.6757889,-0.21677391,1_1,2_1,3_1,4_17,4_17,AI技術の普及と市民への利益への期待,このクラスタには、AI技術が中小企業や一般市民にも広くアクセス可能であるべきだという要望が集まっています。市民は、AIが企業の利益だけでなく、私たちの生活を向上させるために働くことを望んでいます。また、AI企業を支援する際には、普通の人々に具体的な利益をもたらすことが条件であるという意見も含まれています。これらの意見は、AI技術の普及とその恩恵が広く社会に行き渡ることへの期待を表しています。
A203_1,AIの利益を共有するために主権基金を設立するべきだという意見がある,2.4703875,-0.06456635,1_1,2_1,3_1,4_17,4_17,AI技術の普及と市民への利益への期待,このクラスタには、AI技術が中小企業や一般市民にも広くアクセス可能であるべきだという要望が集まっています。市民は、AIが企業の利益だけでなく、私たちの生活を向上させるために働くことを望んでいます。また、AI企業を支援する際には、普通の人々に具体的な利益をもたらすことが条件であるという意見も含まれています。これらの意見は、AI技術の普及とその恩恵が広く社会に行き渡ることへの期待を表しています。
A202_0,AIが自然環境に与える影響が十分に考慮されていないことへの不満がある,-0.3244785,-0.59083426,1_1,2_3,3_6,4_14,4_14,AIの環境影響に対する懸念と改善要望,このクラスタには、AI技術のエネルギー使用量や環境への影響に対する不安や不満が集まっています。ユーザーは、AIが環境悪化に寄与していないことを確認する必要性を感じており、自然環境への影響が十分に考慮されていないことに対して懸念を抱いています。これらの意見は、AI技術の持続可能性や環境保護に対する改善を求める声を反映しています。
A201_0,機能する民主主義の中で生活したいという要望がある,2.7831357,2.0359523,1_3,2_6,3_12,4_6,4_6,民主主義の改革と市民社会の支援への要望,このクラスタには、民主主義の利益を最大化するための議論や包括的な改革の必要性、そして地域の市民社会組織が安定した資金を求める要望が集まっています。市民は、民主主義の制度を改善し、より効果的で迅速な改革を行うことで、社会全体の利益を高めることを期待しています。また、市民社会組織が持続可能な活動を行うためには、長期的で予測可能な資金の確保が重要であると認識されています。
A201_1,大きな変化に対して全員が意見を持つことができる社会を望む要望がある,2.9392853,2.110358,1_3,2_6,3_12,4_6,4_6,民主主義の改革と市民社会の支援への要望,このクラスタには、民主主義の利益を最大化するための議論や包括的な改革の必要性、そして地域の市民社会組織が安定した資金を求める要望が集まっています。市民は、民主主義の制度を改善し、より効果的で迅速な改革を行うことで、社会全体の利益を高めることを期待しています。また、市民社会組織が持続可能な活動を行うためには、長期的で予測可能な資金の確保が重要であると認識されています。
A201_2,AIが企業ではなく私たちのために働くことを望む要望がある,2.8857965,-0.5578101,1_1,2_1,3_1,4_17,4_17,AI技術の普及と市民への利益への期待,このクラスタには、AI技術が中小企業や一般市民にも広くアクセス可能であるべきだという要望が集まっています。市民は、AIが企業の利益だけでなく、私たちの生活を向上させるために働くことを望んでいます。また、AI企業を支援する際には、普通の人々に具体的な利益をもたらすことが条件であるという意見も含まれています。これらの意見は、AI技術の普及とその恩恵が広く社会に行き渡ることへの期待を表しています。
A199_0,ガードレールではなく、セーフガードとルールを設けるべきだという要望がある,1.5128423,2.4173424,1_3,2_5,3_10,4_4,4_4,AI規制に対する多様な意見と要望,このクラスタには、AI規制に関する多様な意見が集まっています。一部の意見は、規制が新しいアイデアやイノベーションを妨げないことを望んでおり、柔軟で証拠に基づく規制枠組みを求めています。一方で、個人のプライバシーを犠牲にしてでも規制を強化するべきだという意見も存在します。これらの意見は、AI技術の発展と社会的影響のバランスをどのように取るべきかについての議論を反映しています。
A198_0,AIの悪い結果に対する責任は政府とAI企業にあるという意見がある,-0.024061762,0.6043495,1_2,2_4,3_8,4_15,4_15,グローバルなAI規制の困難と必要性,このクラスタには、AI規制に関するグローバルな合意の難しさや、競争が優先される現状に対する不安が集まっています。また、AIが政府の運営に与える影響についての議論の必要性も含まれており、国際的な協力と規制の枠組みを求める声が強く表れています。これらの意見は、AI技術の進展に伴うリスク管理と倫理的な運用を確保するための国際的な取り組みの重要性を示しています。
A197_0,AIリーダーには複数の倫理的視点を理解することが必須であるべきだという要望がある,1.4860038,-0.42192096,1_1,2_1,3_2,4_11,4_11,AI技術の倫理的・社会的影響への配慮,このクラスタには、AI技術の導入に際して自然環境や人間の尊厳を尊重すること、そしてAIリーダーが複数の倫理的視点を理解することの重要性を訴える意見が集まっています。また、AI技術の環境への影響だけでなく、社会的および倫理的な影響も評価してほしいという要望が含まれており、技術の進歩とともに倫理的な配慮を欠かさない姿勢が求められています。
A196_0,リスクが強い場合には強力なガバナンスと規制が必要だという意見がある,1.1665665,2.20904,1_3,2_5,3_10,4_4,4_4,AI規制に対する多様な意見と要望,このクラスタには、AI規制に関する多様な意見が集まっています。一部の意見は、規制が新しいアイデアやイノベーションを妨げないことを望んでおり、柔軟で証拠に基づく規制枠組みを求めています。一方で、個人のプライバシーを犠牲にしてでも規制を強化するべきだという意見も存在します。これらの意見は、AI技術の発展と社会的影響のバランスをどのように取るべきかについての議論を反映しています。
A196_1,リスクが低い場合にはガバナンスと規制も緩やかであるべきだという意見がある,1.1284533,2.246972,1_3,2_5,3_10,4_4,4_4,AI規制に対する多様な意見と要望,このクラスタには、AI規制に関する多様な意見が集まっています。一部の意見は、規制が新しいアイデアやイノベーションを妨げないことを望んでおり、柔軟で証拠に基づく規制枠組みを求めています。一方で、個人のプライバシーを犠牲にしてでも規制を強化するべきだという意見も存在します。これらの意見は、AI技術の発展と社会的影響のバランスをどのように取るべきかについての議論を反映しています。
A195_0,AI企業を支援したいが、普通の人々に具体的な利益をもたらす場合に限るという要望がある,2.9247184,-0.5090666,1_1,2_1,3_1,4_17,4_17,AI技術の普及と市民への利益への期待,このクラスタには、AI技術が中小企業や一般市民にも広くアクセス可能であるべきだという要望が集まっています。市民は、AIが企業の利益だけでなく、私たちの生活を向上させるために働くことを望んでいます。また、AI企業を支援する際には、普通の人々に具体的な利益をもたらすことが条件であるという意見も含まれています。これらの意見は、AI技術の普及とその恩恵が広く社会に行き渡ることへの期待を表しています。
A194_0,AIシステムでデータを使用する際には許可を求めるべきだという要望がある,1.3716269,0.80314827,1_3,2_5,3_9,4_23,4_23,AIとデジタルインフラに関する公平性と倫理的要望,このクラスタには、AI技術の進展に伴う社会的公平性や倫理的な問題に対する意見が集まっています。具体的には、デジタルインフラの整備とAIスキルの訓練を通じて不平等を防ぐ必要性、AIの意思決定における人間の関与の重要性、そしてAIシステムでのデータ使用に対する補償を求める要望が含まれています。これらの意見は、技術の進化がもたらす影響を公平かつ倫理的に管理するための具体的な対策を求めるものです。
A193_0,AIシステムでのデータ使用に対して補償を求める要望がある,1.5708255,0.6893188,1_3,2_5,3_9,4_23,4_23,AIとデジタルインフラに関する公平性と倫理的要望,このクラスタには、AI技術の進展に伴う社会的公平性や倫理的な問題に対する意見が集まっています。具体的には、デジタルインフラの整備とAIスキルの訓練を通じて不平等を防ぐ必要性、AIの意思決定における人間の関与の重要性、そしてAIシステムでのデータ使用に対する補償を求める要望が含まれています。これらの意見は、技術の進化がもたらす影響を公平かつ倫理的に管理するための具体的な対策を求めるものです。
A192_0,AIに関する決定を行う政府や企業がその責任を取るべきだという要望がある,1.944505,0.5133964,1_3,2_5,3_9,4_18,4_18,AIシステムの透明性と責任の確立への要望,このクラスタには、AIシステムに対する公共の信頼を築くために、アルゴリズムの透明性や使用する方法論とデータセットの公開を求める意見が集まっています。また、AIに関する決定を行う政府や企業がその責任を取るべきだという要望も含まれており、AI技術の開発と運用における倫理的な責任と透明性の確立を強く求める声が表れています。
A191_0,「これは避けられない」というような発言に対して挑戦するべきだという意見がある,0.096468724,0.6688004,1_2,2_4,3_8,4_15,4_15,グローバルなAI規制の困難と必要性,このクラスタには、AI規制に関するグローバルな合意の難しさや、競争が優先される現状に対する不安が集まっています。また、AIが政府の運営に与える影響についての議論の必要性も含まれており、国際的な協力と規制の枠組みを求める声が強く表れています。これらの意見は、AI技術の進展に伴うリスク管理と倫理的な運用を確保するための国際的な取り組みの重要性を示しています。
A190_0,AIの意思決定において人間を関与させる原則が必要だという要望がある,1.7350733,0.6866609,1_3,2_5,3_9,4_23,4_23,AIとデジタルインフラに関する公平性と倫理的要望,このクラスタには、AI技術の進展に伴う社会的公平性や倫理的な問題に対する意見が集まっています。具体的には、デジタルインフラの整備とAIスキルの訓練を通じて不平等を防ぐ必要性、AIの意思決定における人間の関与の重要性、そしてAIシステムでのデータ使用に対する補償を求める要望が含まれています。これらの意見は、技術の進化がもたらす影響を公平かつ倫理的に管理するための具体的な対策を求めるものです。
A189_0,AIが社会の価値観や規範の進化を妨げる可能性があることへの不安がある,-0.6312401,0.3833754,1_2,2_4,3_7,4_2,4_2,AI技術の評価と社会的影響への懸念,このクラスタには、AI技術の未来に対する不安や過剰評価に対する疑念、そして企業や国がAI競争に集中する一方で社会的影響を十分に考慮していないことへの不満が集まっています。また、AIが人間の仕事を置き換える可能性についての懸念も含まれており、技術の進歩に伴う社会的課題や倫理的問題に対する深い関心が表れています。
A188_0,AI開発において植物や動物の視点を考慮すべきだという意見がある,-0.03705081,-3.1581852,1_1,2_2,3_5,4_16,4_16,AI開発における自然保護と倫理的配慮,このクラスタには、AI開発において自然環境や生物の視点を考慮する必要性を訴える意見が集まっています。自然の価値を無視する慣行に対する懸念や、絶滅危惧種を保護するためにAIを活用する重要性が強調されています。これらの意見は、技術の進歩が環境保護と倫理的配慮を両立させるべきだという考えを反映しています。
A187_0,AIを活用した熟議民主主義を用いて、世界人権宣言を更新すべきだという要望がある,2.3561974,1.2278676,1_3,2_5,3_9,4_1,4_1,AIの倫理的開発と国際的な基準への期待,このクラスタには、AI技術の開発と適用において人権法や価値観に基づいた倫理的なアプローチを求める意見が集まっています。また、AIに関する国際的な基準の確立や、AI安全サミットを通じた議論の場の提供を望む声も含まれています。これらの意見は、AI技術が社会に与える影響を考慮し、グローバルな視点での規制やガイドラインの整備を求めるものです。
A186_0,民主主義への害を最小化・防止する方法について議論する必要があるという要望がある,2.5553408,2.0367393,1_3,2_6,3_12,4_6,4_6,民主主義の改革と市民社会の支援への要望,このクラスタには、民主主義の利益を最大化するための議論や包括的な改革の必要性、そして地域の市民社会組織が安定した資金を求める要望が集まっています。市民は、民主主義の制度を改善し、より効果的で迅速な改革を行うことで、社会全体の利益を高めることを期待しています。また、市民社会組織が持続可能な活動を行うためには、長期的で予測可能な資金の確保が重要であると認識されています。
A186_1,民主主義への利益を最大化する方法について議論する必要があるという要望がある,2.543174,2.027194,1_3,2_6,3_12,4_6,4_6,民主主義の改革と市民社会の支援への要望,このクラスタには、民主主義の利益を最大化するための議論や包括的な改革の必要性、そして地域の市民社会組織が安定した資金を求める要望が集まっています。市民は、民主主義の制度を改善し、より効果的で迅速な改革を行うことで、社会全体の利益を高めることを期待しています。また、市民社会組織が持続可能な活動を行うためには、長期的で予測可能な資金の確保が重要であると認識されています。
A185_0,AIを理解する倫理哲学者（例：Carissa Veliz）が議論の重要な部分を担っているという意見がある,1.3496182,-0.5336198,1_1,2_1,3_2,4_11,4_11,AI技術の倫理的・社会的影響への配慮,このクラスタには、AI技術の導入に際して自然環境や人間の尊厳を尊重すること、そしてAIリーダーが複数の倫理的視点を理解することの重要性を訴える意見が集まっています。また、AI技術の環境への影響だけでなく、社会的および倫理的な影響も評価してほしいという要望が含まれており、技術の進歩とともに倫理的な配慮を欠かさない姿勢が求められています。
A184_0,Phononsを将来のAIに組み込むべきだという要望がある,2.4701092,-1.2535621,1_1,2_1,3_1,4_3,4_3,AIの設計と開発に対する倫理的要望,このクラスタには、AI技術の設計と開発において倫理的な側面を重視する要望が集まっています。具体的には、AIが人間の知能や創造性を補完する役割を果たし、置き換えることなく共存すること、効率や利益だけでなく正義、エンパワーメント、環境保護を促進すること、そしてイノベーションを推進することが求められています。これらの要望は、AI技術が社会に与える影響を考慮し、持続可能で公平な未来を目指す姿勢を反映しています。
A184_1,Phononsの重要性が広く知られるべきだという意見がある,2.2125614,-1.2602965,1_1,2_1,3_1,4_3,4_3,AIの設計と開発に対する倫理的要望,このクラスタには、AI技術の設計と開発において倫理的な側面を重視する要望が集まっています。具体的には、AIが人間の知能や創造性を補完する役割を果たし、置き換えることなく共存すること、効率や利益だけでなく正義、エンパワーメント、環境保護を促進すること、そしてイノベーションを推進することが求められています。これらの要望は、AI技術が社会に与える影響を考慮し、持続可能で公平な未来を目指す姿勢を反映しています。
A183_0,世界政府が存在しないため、グローバルなAI規制に合意することは難しいという不安がある,-0.2777431,1.1449864,1_2,2_4,3_8,4_15,4_15,グローバルなAI規制の困難と必要性,このクラスタには、AI規制に関するグローバルな合意の難しさや、競争が優先される現状に対する不安が集まっています。また、AIが政府の運営に与える影響についての議論の必要性も含まれており、国際的な協力と規制の枠組みを求める声が強く表れています。これらの意見は、AI技術の進展に伴うリスク管理と倫理的な運用を確保するための国際的な取り組みの重要性を示しています。
A183_1,競争が優先されるため、AI規制に関する合意が難しいという意見がある,-0.072848655,1.2233605,1_2,2_4,3_8,4_15,4_15,グローバルなAI規制の困難と必要性,このクラスタには、AI規制に関するグローバルな合意の難しさや、競争が優先される現状に対する不安が集まっています。また、AIが政府の運営に与える影響についての議論の必要性も含まれており、国際的な協力と規制の枠組みを求める声が強く表れています。これらの意見は、AI技術の進展に伴うリスク管理と倫理的な運用を確保するための国際的な取り組みの重要性を示しています。
A182_0,AIが私たちを置き換えるかどうかを考えるのは遅すぎるという不満がある,-0.67499065,0.36183918,1_2,2_4,3_7,4_2,4_2,AI技術の評価と社会的影響への懸念,このクラスタには、AI技術の未来に対する不安や過剰評価に対する疑念、そして企業や国がAI競争に集中する一方で社会的影響を十分に考慮していないことへの不満が集まっています。また、AIが人間の仕事を置き換える可能性についての懸念も含まれており、技術の進歩に伴う社会的課題や倫理的問題に対する深い関心が表れています。
A182_1,進化するか絶滅するかの選択肢しかないという不安がある,-0.9967226,0.30175254,1_2,2_4,3_7,4_2,4_2,AI技術の評価と社会的影響への懸念,このクラスタには、AI技術の未来に対する不安や過剰評価に対する疑念、そして企業や国がAI競争に集中する一方で社会的影響を十分に考慮していないことへの不満が集まっています。また、AIが人間の仕事を置き換える可能性についての懸念も含まれており、技術の進歩に伴う社会的課題や倫理的問題に対する深い関心が表れています。
A180_0,G7による事実上の世界政府の設立を求める要望がある,3.4670365,1.6293076,1_3,2_6,3_12,4_7,4_7,グローバルな協力体制と世界政府の設立要望,このクラスタには、国際的な協力体制の強化や、G7が主導する事実上の世界政府の設立を求める意見が集まっています。中国など他国を招待してグローバルな協力体制を築くことや、G7による世界政府の設立を通じて、国際的な問題解決や平和維持を目指す要望が含まれています。これらの意見は、国際社会の連携強化と統一的なリーダーシップの必要性を強調しています。
A180_1,NATO、EU、欧州政治共同体、OECDのメンバーを含む世界政府の設立を求める要望がある,3.438599,1.7401744,1_3,2_6,3_12,4_7,4_7,グローバルな協力体制と世界政府の設立要望,このクラスタには、国際的な協力体制の強化や、G7が主導する事実上の世界政府の設立を求める意見が集まっています。中国など他国を招待してグローバルな協力体制を築くことや、G7による世界政府の設立を通じて、国際的な問題解決や平和維持を目指す要望が含まれています。これらの意見は、国際社会の連携強化と統一的なリーダーシップの必要性を強調しています。
A181_0,文明の移行期における課題を軽減するために、グローバル福祉国家を作るべきだという要望がある,3.4067836,1.9767121,1_3,2_6,3_12,4_7,4_7,グローバルな協力体制と世界政府の設立要望,このクラスタには、国際的な協力体制の強化や、G7が主導する事実上の世界政府の設立を求める意見が集まっています。中国など他国を招待してグローバルな協力体制を築くことや、G7による世界政府の設立を通じて、国際的な問題解決や平和維持を目指す要望が含まれています。これらの意見は、国際社会の連携強化と統一的なリーダーシップの必要性を強調しています。
A179_0,G7の下でGAIGAというグローバルAIガバナンス機関を設立するべきだという要望がある,3.3759868,0.78796536,1_3,2_6,3_11,4_19,4_19,グローバルAI管理・規制機関設立の要望,このクラスタには、AI開発プロセスや使用を管理・規制するためのグローバルな機関の設立を求める意見が集まっています。具体的には、GAICAやGAIRAといった新しい組織の設立を通じて、AI技術の安全性や倫理性を確保し、国際的な協力を強化することを目指しています。これにより、AIの開発と利用が適切に管理され、社会に対するリスクを最小限に抑えることが期待されています。
A179_1,GAIGAがGAIRAとGAICAコンソーシアムを監督するべきだという意見がある,3.4768367,0.9100627,1_3,2_6,3_11,4_19,4_19,グローバルAI管理・規制機関設立の要望,このクラスタには、AI開発プロセスや使用を管理・規制するためのグローバルな機関の設立を求める意見が集まっています。具体的には、GAICAやGAIRAといった新しい組織の設立を通じて、AI技術の安全性や倫理性を確保し、国際的な協力を強化することを目指しています。これにより、AIの開発と利用が適切に管理され、社会に対するリスクを最小限に抑えることが期待されています。
A178_0,AI制御能力を効率化するために、One-AI JV会社が管理するスーパーインテリジェンスプログラムを作成する必要があるという要望がある,3.4557588,0.035048243,1_3,2_6,3_11,4_10,4_10,AI制御能力の効率化と統合への要望,このクラスタには、AI制御能力の効率化を目指して、スーパーインテリジェンスプログラムを管理するOne-AI JV会社の設立を求める意見が集まっています。最先端のAI開発を一つの企業に統合することで、効率的な管理と制御が可能になるという期待が示されています。これにより、AI技術の進化とその管理がより効果的に行われることを目指しています。
A177_0,最先端のAI開発を一つの企業に統合するために、One-AI Joint Venture Companyを設立するべきだという要望がある,3.4283938,0.0016203907,1_3,2_6,3_11,4_10,4_10,AI制御能力の効率化と統合への要望,このクラスタには、AI制御能力の効率化を目指して、スーパーインテリジェンスプログラムを管理するOne-AI JV会社の設立を求める意見が集まっています。最先端のAI開発を一つの企業に統合することで、効率的な管理と制御が可能になるという期待が示されています。これにより、AI技術の進化とその管理がより効果的に行われることを目指しています。
A176_0,AI開発プロセスを管理するためにグローバルAIコントロール機関（GAICA）を設立する必要があるという要望がある,3.4620094,0.5889271,1_3,2_6,3_11,4_19,4_19,グローバルAI管理・規制機関設立の要望,このクラスタには、AI開発プロセスや使用を管理・規制するためのグローバルな機関の設立を求める意見が集まっています。具体的には、GAICAやGAIRAといった新しい組織の設立を通じて、AI技術の安全性や倫理性を確保し、国際的な協力を強化することを目指しています。これにより、AIの開発と利用が適切に管理され、社会に対するリスクを最小限に抑えることが期待されています。
A176_1,AI規制だけでなく開発プロセスも管理する必要があるという意見がある,0.9629296,1.4861865,1_3,2_5,3_10,4_4,4_4,AI規制に対する多様な意見と要望,このクラスタには、AI規制に関する多様な意見が集まっています。一部の意見は、規制が新しいアイデアやイノベーションを妨げないことを望んでおり、柔軟で証拠に基づく規制枠組みを求めています。一方で、個人のプライバシーを犠牲にしてでも規制を強化するべきだという意見も存在します。これらの意見は、AI技術の発展と社会的影響のバランスをどのように取るべきかについての議論を反映しています。
A176_2,中国など他の国々をGAICAに招待するべきだという要望がある,3.5059516,1.2502353,1_3,2_6,3_12,4_7,4_7,グローバルな協力体制と世界政府の設立要望,このクラスタには、国際的な協力体制の強化や、G7が主導する事実上の世界政府の設立を求める意見が集まっています。中国など他国を招待してグローバルな協力体制を築くことや、G7による世界政府の設立を通じて、国際的な問題解決や平和維持を目指す要望が含まれています。これらの意見は、国際社会の連携強化と統一的なリーダーシップの必要性を強調しています。
A175_0,AIの使用を規制するために、Global AI Partnership (GPAI)を変革してGlobal AI Regulation Authority (GAIRA)を設立するべきだという要望がある,3.2681544,0.7358125,1_3,2_6,3_11,4_19,4_19,グローバルAI管理・規制機関設立の要望,このクラスタには、AI開発プロセスや使用を管理・規制するためのグローバルな機関の設立を求める意見が集まっています。具体的には、GAICAやGAIRAといった新しい組織の設立を通じて、AI技術の安全性や倫理性を確保し、国際的な協力を強化することを目指しています。これにより、AIの開発と利用が適切に管理され、社会に対するリスクを最小限に抑えることが期待されています。
A174_0,民主主義の包括的で迅速な改革を行うべきだという要望がある,2.6658,1.9465005,1_3,2_6,3_12,4_6,4_6,民主主義の改革と市民社会の支援への要望,このクラスタには、民主主義の利益を最大化するための議論や包括的な改革の必要性、そして地域の市民社会組織が安定した資金を求める要望が集まっています。市民は、民主主義の制度を改善し、より効果的で迅速な改革を行うことで、社会全体の利益を高めることを期待しています。また、市民社会組織が持続可能な活動を行うためには、長期的で予測可能な資金の確保が重要であると認識されています。
A173_0,世界のガバナンスを文明の転換に向けて調整する必要があるという要望がある,3.3097947,1.9894226,1_3,2_6,3_12,4_7,4_7,グローバルな協力体制と世界政府の設立要望,このクラスタには、国際的な協力体制の強化や、G7が主導する事実上の世界政府の設立を求める意見が集まっています。中国など他国を招待してグローバルな協力体制を築くことや、G7による世界政府の設立を通じて、国際的な問題解決や平和維持を目指す要望が含まれています。これらの意見は、国際社会の連携強化と統一的なリーダーシップの必要性を強調しています。
A152_0,AI安全サミットの恒久的な支援を求める要望がある,2.5233922,0.90667665,1_3,2_5,3_9,4_1,4_1,AIの倫理的開発と国際的な基準への期待,このクラスタには、AI技術の開発と適用において人権法や価値観に基づいた倫理的なアプローチを求める意見が集まっています。また、AIに関する国際的な基準の確立や、AI安全サミットを通じた議論の場の提供を望む声も含まれています。これらの意見は、AI技術が社会に与える影響を考慮し、グローバルな視点での規制やガイドラインの整備を求めるものです。
A152_1,AI安全サミットを毎月のグローバルな仮想会議として開催することを望む要望がある,2.6904967,0.9486441,1_3,2_5,3_9,4_1,4_1,AIの倫理的開発と国際的な基準への期待,このクラスタには、AI技術の開発と適用において人権法や価値観に基づいた倫理的なアプローチを求める意見が集まっています。また、AIに関する国際的な基準の確立や、AI安全サミットを通じた議論の場の提供を望む声も含まれています。これらの意見は、AI技術が社会に与える影響を考慮し、グローバルな視点での規制やガイドラインの整備を求めるものです。
A152_2,AI安全サミットを議論プラットフォーム（例：Telepresent）でサポートすることを望む要望がある,2.5736036,0.9253637,1_3,2_5,3_9,4_1,4_1,AIの倫理的開発と国際的な基準への期待,このクラスタには、AI技術の開発と適用において人権法や価値観に基づいた倫理的なアプローチを求める意見が集まっています。また、AIに関する国際的な基準の確立や、AI安全サミットを通じた議論の場の提供を望む声も含まれています。これらの意見は、AI技術が社会に与える影響を考慮し、グローバルな視点での規制やガイドラインの整備を求めるものです。
A172_0,AIが政治に与える影響について議論する必要がある,0.28205505,1.041914,1_2,2_4,3_8,4_15,4_15,グローバルなAI規制の困難と必要性,このクラスタには、AI規制に関するグローバルな合意の難しさや、競争が優先される現状に対する不安が集まっています。また、AIが政府の運営に与える影響についての議論の必要性も含まれており、国際的な協力と規制の枠組みを求める声が強く表れています。これらの意見は、AI技術の進展に伴うリスク管理と倫理的な運用を確保するための国際的な取り組みの重要性を示しています。
A172_1,AIが政府の運営に与える影響について議論する必要がある,0.23697732,1.0315062,1_2,2_4,3_8,4_15,4_15,グローバルなAI規制の困難と必要性,このクラスタには、AI規制に関するグローバルな合意の難しさや、競争が優先される現状に対する不安が集まっています。また、AIが政府の運営に与える影響についての議論の必要性も含まれており、国際的な協力と規制の枠組みを求める声が強く表れています。これらの意見は、AI技術の進展に伴うリスク管理と倫理的な運用を確保するための国際的な取り組みの重要性を示しています。
A172_2,AIが法律に与える影響について議論する必要がある,0.09744027,0.8956099,1_2,2_4,3_8,4_15,4_15,グローバルなAI規制の困難と必要性,このクラスタには、AI規制に関するグローバルな合意の難しさや、競争が優先される現状に対する不安が集まっています。また、AIが政府の運営に与える影響についての議論の必要性も含まれており、国際的な協力と規制の枠組みを求める声が強く表れています。これらの意見は、AI技術の進展に伴うリスク管理と倫理的な運用を確保するための国際的な取り組みの重要性を示しています。
A171_0,AIとその派生技術が政治や法律にどのような影響を与えるかについての不安がある,-0.46173713,0.7556504,1_2,2_4,3_7,4_2,4_2,AI技術の評価と社会的影響への懸念,このクラスタには、AI技術の未来に対する不安や過剰評価に対する疑念、そして企業や国がAI競争に集中する一方で社会的影響を十分に考慮していないことへの不満が集まっています。また、AIが人間の仕事を置き換える可能性についての懸念も含まれており、技術の進歩に伴う社会的課題や倫理的問題に対する深い関心が表れています。
A171_1,現在の政治・法律システムがAI技術に対応するには不十分であるという不満がある,-0.45754817,1.1540024,1_2,2_4,3_7,4_22,4_22,AI技術における公平性とバイアスへの懸念,このクラスタには、AI技術に関連する公平性の問題やバイアスに対する不満が集まっています。具体的には、顔認識技術における人種的偏見、公的に利用可能なデータの使用に関する不公平感、そしてAIがバイアスの原因とされることへの不満が含まれています。これらの意見は、AI技術の開発と運用において、より公平で透明性のあるアプローチが求められていることを示しています。
A170_0,AIの決定がどのように行われるかについての理解が不足していることへの不安がある,-0.93624824,0.6725014,1_2,2_4,3_7,4_2,4_2,AI技術の評価と社会的影響への懸念,このクラスタには、AI技術の未来に対する不安や過剰評価に対する疑念、そして企業や国がAI競争に集中する一方で社会的影響を十分に考慮していないことへの不満が集まっています。また、AIが人間の仕事を置き換える可能性についての懸念も含まれており、技術の進歩に伴う社会的課題や倫理的問題に対する深い関心が表れています。
A170_1,AIの決定プロセスに関する包括的な説明を求める要望がある,1.713767,0.53741384,1_3,2_5,3_9,4_18,4_18,AIシステムの透明性と責任の確立への要望,このクラスタには、AIシステムに対する公共の信頼を築くために、アルゴリズムの透明性や使用する方法論とデータセットの公開を求める意見が集まっています。また、AIに関する決定を行う政府や企業がその責任を取るべきだという要望も含まれており、AI技術の開発と運用における倫理的な責任と透明性の確立を強く求める声が表れています。
A168_0,政府はこの巨大な技術革命に対抗することはできないという意見がある,-0.2013746,1.026175,1_2,2_4,3_8,4_15,4_15,グローバルなAI規制の困難と必要性,このクラスタには、AI規制に関するグローバルな合意の難しさや、競争が優先される現状に対する不安が集まっています。また、AIが政府の運営に与える影響についての議論の必要性も含まれており、国際的な協力と規制の枠組みを求める声が強く表れています。これらの意見は、AI技術の進展に伴うリスク管理と倫理的な運用を確保するための国際的な取り組みの重要性を示しています。
A168_1,政府は現行のシステムを新しい技術秩序に適応させるべきだという要望がある,1.9971033,2.0696034,1_3,2_6,3_12,4_6,4_6,民主主義の改革と市民社会の支援への要望,このクラスタには、民主主義の利益を最大化するための議論や包括的な改革の必要性、そして地域の市民社会組織が安定した資金を求める要望が集まっています。市民は、民主主義の制度を改善し、より効果的で迅速な改革を行うことで、社会全体の利益を高めることを期待しています。また、市民社会組織が持続可能な活動を行うためには、長期的で予測可能な資金の確保が重要であると認識されています。
A167_0,AIコンパニオンを孤独や孤立対策として人間の接触の代替にすべきではないという意見がある,0.13285723,-0.027442142,1_2,2_4,3_8,4_9,4_9,AIの倫理的運用と人間の監視の重要性,このクラスタには、AIの運用に関する倫理的な懸念と、人間の監視や制御の重要性を強調する意見が集まっています。具体的には、AIが環境決定を自動化する際のリスク、AIシステムに人間が積極的に参加する必要性、そして企業がAIを人々の利益に反する形で利用することへの反対が含まれています。これらの意見は、AI技術の発展に伴う倫理的な課題に対する慎重な対応と、透明性のある運用を求める声を反映しています。
A166_0,AIツールの説明可能性に関する最低基準を規制当局が確立する必要があるという要望がある,1.2167454,1.2119662,1_3,2_5,3_9,4_23,4_23,AIとデジタルインフラに関する公平性と倫理的要望,このクラスタには、AI技術の進展に伴う社会的公平性や倫理的な問題に対する意見が集まっています。具体的には、デジタルインフラの整備とAIスキルの訓練を通じて不平等を防ぐ必要性、AIの意思決定における人間の関与の重要性、そしてAIシステムでのデータ使用に対する補償を求める要望が含まれています。これらの意見は、技術の進化がもたらす影響を公平かつ倫理的に管理するための具体的な対策を求めるものです。
A166_1,説明可能性の基準を満たさない新しいAIツールのリリースを禁止するべきだという意見がある,0.6011656,0.6612568,1_2,2_4,3_8,4_9,4_9,AIの倫理的運用と人間の監視の重要性,このクラスタには、AIの運用に関する倫理的な懸念と、人間の監視や制御の重要性を強調する意見が集まっています。具体的には、AIが環境決定を自動化する際のリスク、AIシステムに人間が積極的に参加する必要性、そして企業がAIを人々の利益に反する形で利用することへの反対が含まれています。これらの意見は、AI技術の発展に伴う倫理的な課題に対する慎重な対応と、透明性のある運用を求める声を反映しています。
A120_0,質の高い規制が必要だという要望がある,1.3797306,2.300097,1_3,2_5,3_10,4_4,4_4,AI規制に対する多様な意見と要望,このクラスタには、AI規制に関する多様な意見が集まっています。一部の意見は、規制が新しいアイデアやイノベーションを妨げないことを望んでおり、柔軟で証拠に基づく規制枠組みを求めています。一方で、個人のプライバシーを犠牲にしてでも規制を強化するべきだという意見も存在します。これらの意見は、AI技術の発展と社会的影響のバランスをどのように取るべきかについての議論を反映しています。
A120_1,規制が濫用や危険な発展を防ぐことを望む意見がある,1.3181723,2.3744318,1_3,2_5,3_10,4_4,4_4,AI規制に対する多様な意見と要望,このクラスタには、AI規制に関する多様な意見が集まっています。一部の意見は、規制が新しいアイデアやイノベーションを妨げないことを望んでおり、柔軟で証拠に基づく規制枠組みを求めています。一方で、個人のプライバシーを犠牲にしてでも規制を強化するべきだという意見も存在します。これらの意見は、AI技術の発展と社会的影響のバランスをどのように取るべきかについての議論を反映しています。
A120_2,規制が迅速であることを望む要望がある,1.603402,2.3424602,1_3,2_5,3_10,4_4,4_4,AI規制に対する多様な意見と要望,このクラスタには、AI規制に関する多様な意見が集まっています。一部の意見は、規制が新しいアイデアやイノベーションを妨げないことを望んでおり、柔軟で証拠に基づく規制枠組みを求めています。一方で、個人のプライバシーを犠牲にしてでも規制を強化するべきだという意見も存在します。これらの意見は、AI技術の発展と社会的影響のバランスをどのように取るべきかについての議論を反映しています。
A120_3,規制が新しいアイデアやイノベーションを妨げないことを望む要望がある,1.7171044,2.2844465,1_3,2_5,3_10,4_4,4_4,AI規制に対する多様な意見と要望,このクラスタには、AI規制に関する多様な意見が集まっています。一部の意見は、規制が新しいアイデアやイノベーションを妨げないことを望んでおり、柔軟で証拠に基づく規制枠組みを求めています。一方で、個人のプライバシーを犠牲にしてでも規制を強化するべきだという意見も存在します。これらの意見は、AI技術の発展と社会的影響のバランスをどのように取るべきかについての議論を反映しています。
A165_0,AIの拡大に伴い、社会における知識の定義が再構築されることへの不安がある,-0.90601647,0.3893582,1_2,2_4,3_7,4_2,4_2,AI技術の評価と社会的影響への懸念,このクラスタには、AI技術の未来に対する不安や過剰評価に対する疑念、そして企業や国がAI競争に集中する一方で社会的影響を十分に考慮していないことへの不満が集まっています。また、AIが人間の仕事を置き換える可能性についての懸念も含まれており、技術の進歩に伴う社会的課題や倫理的問題に対する深い関心が表れています。
A165_1,AIの拡大に関して、より慎重な考察が必要だという要望がある,1.0019817,0.52233857,1_3,2_5,3_9,4_23,4_23,AIとデジタルインフラに関する公平性と倫理的要望,このクラスタには、AI技術の進展に伴う社会的公平性や倫理的な問題に対する意見が集まっています。具体的には、デジタルインフラの整備とAIスキルの訓練を通じて不平等を防ぐ必要性、AIの意思決定における人間の関与の重要性、そしてAIシステムでのデータ使用に対する補償を求める要望が含まれています。これらの意見は、技術の進化がもたらす影響を公平かつ倫理的に管理するための具体的な対策を求めるものです。
A164_0,AIの安全性について、ユーザーと設計者が責任を共有すべきだという意見がある,0.7020265,0.10351713,1_2,2_4,3_8,4_9,4_9,AIの倫理的運用と人間の監視の重要性,このクラスタには、AIの運用に関する倫理的な懸念と、人間の監視や制御の重要性を強調する意見が集まっています。具体的には、AIが環境決定を自動化する際のリスク、AIシステムに人間が積極的に参加する必要性、そして企業がAIを人々の利益に反する形で利用することへの反対が含まれています。これらの意見は、AI技術の発展に伴う倫理的な課題に対する慎重な対応と、透明性のある運用を求める声を反映しています。
A137_0,AIの覇権を巡る競争が許されるべきではないという意見がある,-0.030291986,0.437496,1_2,2_4,3_8,4_15,4_15,グローバルなAI規制の困難と必要性,このクラスタには、AI規制に関するグローバルな合意の難しさや、競争が優先される現状に対する不安が集まっています。また、AIが政府の運営に与える影響についての議論の必要性も含まれており、国際的な協力と規制の枠組みを求める声が強く表れています。これらの意見は、AI技術の進展に伴うリスク管理と倫理的な運用を確保するための国際的な取り組みの重要性を示しています。
A137_1,AIの覇権競争がすでに加速して進行していることへの不安がある,-0.6501608,0.4380276,1_2,2_4,3_7,4_2,4_2,AI技術の評価と社会的影響への懸念,このクラスタには、AI技術の未来に対する不安や過剰評価に対する疑念、そして企業や国がAI競争に集中する一方で社会的影響を十分に考慮していないことへの不満が集まっています。また、AIが人間の仕事を置き換える可能性についての懸念も含まれており、技術の進歩に伴う社会的課題や倫理的問題に対する深い関心が表れています。
A151_0,AIガバナンスが国家間の対立を引き起こさないようにすることが重要だという意見がある,0.45199156,-0.9177561,1_1,2_3,3_6,4_5,4_5,AIの社会的公平性と環境リスク管理への期待,このクラスタには、AI技術の発展に伴う社会的公平性の確保と環境リスク管理に対する期待が集まっています。特に、AIが貧困層を忘れずに支援し、富裕層だけが利益を享受することのないようにすることが重要だという意見が強調されています。また、AIが環境問題に対してリスクを監視し、軽減する役割を果たすことへの期待も含まれており、技術の進歩が社会全体に公平に利益をもたらし、持続可能な未来を築くための具体的な取り組みが求められています。
A151_1,AIは政治の上にあるべきだという要望がある,2.0686572,1.1711053,1_3,2_5,3_9,4_1,4_1,AIの倫理的開発と国際的な基準への期待,このクラスタには、AI技術の開発と適用において人権法や価値観に基づいた倫理的なアプローチを求める意見が集まっています。また、AIに関する国際的な基準の確立や、AI安全サミットを通じた議論の場の提供を望む声も含まれています。これらの意見は、AI技術が社会に与える影響を考慮し、グローバルな視点での規制やガイドラインの整備を求めるものです。
A153_0,AIが本当に未来の技術なのか、それとも過剰に評価されているのかという不安がある,-0.6749094,0.30027094,1_2,2_4,3_7,4_2,4_2,AI技術の評価と社会的影響への懸念,このクラスタには、AI技術の未来に対する不安や過剰評価に対する疑念、そして企業や国がAI競争に集中する一方で社会的影響を十分に考慮していないことへの不満が集まっています。また、AIが人間の仕事を置き換える可能性についての懸念も含まれており、技術の進歩に伴う社会的課題や倫理的問題に対する深い関心が表れています。
A159_0,AIフォーラムはまず防衛と戦争への応用に焦点を当てるべきだという意見がある,0.34065962,-0.09109887,1_2,2_4,3_8,4_9,4_9,AIの倫理的運用と人間の監視の重要性,このクラスタには、AIの運用に関する倫理的な懸念と、人間の監視や制御の重要性を強調する意見が集まっています。具体的には、AIが環境決定を自動化する際のリスク、AIシステムに人間が積極的に参加する必要性、そして企業がAIを人々の利益に反する形で利用することへの反対が含まれています。これらの意見は、AI技術の発展に伴う倫理的な課題に対する慎重な対応と、透明性のある運用を求める声を反映しています。
A160_0,AI開発者やユーザーによる消費者や市民の心理的搾取のリスクにもっと注意を払うべきだという要望がある,1.0755105,0.15082717,1_2,2_4,3_8,4_9,4_9,AIの倫理的運用と人間の監視の重要性,このクラスタには、AIの運用に関する倫理的な懸念と、人間の監視や制御の重要性を強調する意見が集まっています。具体的には、AIが環境決定を自動化する際のリスク、AIシステムに人間が積極的に参加する必要性、そして企業がAIを人々の利益に反する形で利用することへの反対が含まれています。これらの意見は、AI技術の発展に伴う倫理的な課題に対する慎重な対応と、透明性のある運用を求める声を反映しています。
A163_0,AGIが生活をより簡単にするべきだという要望がある,2.780957,-1.9367688,1_1,2_1,3_4,4_21,4_21,AIシステムのエネルギー効率と持続可能性への要望,このクラスタには、AIシステムの運用に関するエネルギー効率や持続可能性に対する要望が集まっています。具体的には、クリーンで再生可能なエネルギーの利用、増加するエネルギー需要に対する計画の必要性、そしてAIの設計においてエネルギー効率を重視することが求められています。これらの意見は、環境への配慮と持続可能な技術運用を目指す姿勢を反映しています。
A163_1,AIを人間が制御するための人間参加型のシステムを目指すべきだという意見がある,0.58377993,-0.19296668,1_2,2_4,3_8,4_9,4_9,AIの倫理的運用と人間の監視の重要性,このクラスタには、AIの運用に関する倫理的な懸念と、人間の監視や制御の重要性を強調する意見が集まっています。具体的には、AIが環境決定を自動化する際のリスク、AIシステムに人間が積極的に参加する必要性、そして企業がAIを人々の利益に反する形で利用することへの反対が含まれています。これらの意見は、AI技術の発展に伴う倫理的な課題に対する慎重な対応と、透明性のある運用を求める声を反映しています。
A162_0,AIをグローバル規模のオープンナレッジイニシアティブに組み込むべきだという提案がある,2.907386,0.48977655,1_3,2_6,3_11,4_19,4_19,グローバルAI管理・規制機関設立の要望,このクラスタには、AI開発プロセスや使用を管理・規制するためのグローバルな機関の設立を求める意見が集まっています。具体的には、GAICAやGAIRAといった新しい組織の設立を通じて、AI技術の安全性や倫理性を確保し、国際的な協力を強化することを目指しています。これにより、AIの開発と利用が適切に管理され、社会に対するリスクを最小限に抑えることが期待されています。
A161_0,AIの訓練に公的に利用可能なデータを使用することが不公平であるという不満がある,-1.0073853,1.2763901,1_2,2_4,3_7,4_22,4_22,AI技術における公平性とバイアスへの懸念,このクラスタには、AI技術に関連する公平性の問題やバイアスに対する不満が集まっています。具体的には、顔認識技術における人種的偏見、公的に利用可能なデータの使用に関する不公平感、そしてAIがバイアスの原因とされることへの不満が含まれています。これらの意見は、AI技術の開発と運用において、より公平で透明性のあるアプローチが求められていることを示しています。
A161_1,AIの訓練に関する著作権改革が必要だという要望がある,1.4678375,0.4650905,1_3,2_5,3_9,4_23,4_23,AIとデジタルインフラに関する公平性と倫理的要望,このクラスタには、AI技術の進展に伴う社会的公平性や倫理的な問題に対する意見が集まっています。具体的には、デジタルインフラの整備とAIスキルの訓練を通じて不平等を防ぐ必要性、AIの意思決定における人間の関与の重要性、そしてAIシステムでのデータ使用に対する補償を求める要望が含まれています。これらの意見は、技術の進化がもたらす影響を公平かつ倫理的に管理するための具体的な対策を求めるものです。
A158_0,AIの規制は大量データ収集の規制が改善されることに依存しているという意見がある,0.8026926,1.5535662,1_3,2_5,3_10,4_4,4_4,AI規制に対する多様な意見と要望,このクラスタには、AI規制に関する多様な意見が集まっています。一部の意見は、規制が新しいアイデアやイノベーションを妨げないことを望んでおり、柔軟で証拠に基づく規制枠組みを求めています。一方で、個人のプライバシーを犠牲にしてでも規制を強化するべきだという意見も存在します。これらの意見は、AI技術の発展と社会的影響のバランスをどのように取るべきかについての議論を反映しています。
A157_0,技術の進化が人類や社会の対応能力を超えていることへの不安がある,-0.9268852,0.4286136,1_2,2_4,3_7,4_2,4_2,AI技術の評価と社会的影響への懸念,このクラスタには、AI技術の未来に対する不安や過剰評価に対する疑念、そして企業や国がAI競争に集中する一方で社会的影響を十分に考慮していないことへの不満が集まっています。また、AIが人間の仕事を置き換える可能性についての懸念も含まれており、技術の進歩に伴う社会的課題や倫理的問題に対する深い関心が表れています。
A156_0,強力な技術を管理する信頼できる組織がどこなのかという不安がある,-0.8520025,0.7263198,1_2,2_4,3_7,4_2,4_2,AI技術の評価と社会的影響への懸念,このクラスタには、AI技術の未来に対する不安や過剰評価に対する疑念、そして企業や国がAI競争に集中する一方で社会的影響を十分に考慮していないことへの不満が集まっています。また、AIが人間の仕事を置き換える可能性についての懸念も含まれており、技術の進歩に伴う社会的課題や倫理的問題に対する深い関心が表れています。
A156_1,ZuckやMuskなどの個人の利益に対する不安がある,-0.57720554,0.717637,1_2,2_4,3_7,4_2,4_2,AI技術の評価と社会的影響への懸念,このクラスタには、AI技術の未来に対する不安や過剰評価に対する疑念、そして企業や国がAI競争に集中する一方で社会的影響を十分に考慮していないことへの不満が集まっています。また、AIが人間の仕事を置き換える可能性についての懸念も含まれており、技術の進歩に伴う社会的課題や倫理的問題に対する深い関心が表れています。
A154_0,地域の市民社会組織が長期的で予測可能な資金を必要としているという要望がある,3.000243,2.3504295,1_3,2_6,3_12,4_6,4_6,民主主義の改革と市民社会の支援への要望,このクラスタには、民主主義の利益を最大化するための議論や包括的な改革の必要性、そして地域の市民社会組織が安定した資金を求める要望が集まっています。市民は、民主主義の制度を改善し、より効果的で迅速な改革を行うことで、社会全体の利益を高めることを期待しています。また、市民社会組織が持続可能な活動を行うためには、長期的で予測可能な資金の確保が重要であると認識されています。
A154_1,地域の市民社会組織が能力向上と相談のための資金を必要としているという要望がある,3.0793643,2.2915108,1_3,2_6,3_12,4_6,4_6,民主主義の改革と市民社会の支援への要望,このクラスタには、民主主義の利益を最大化するための議論や包括的な改革の必要性、そして地域の市民社会組織が安定した資金を求める要望が集まっています。市民は、民主主義の制度を改善し、より効果的で迅速な改革を行うことで、社会全体の利益を高めることを期待しています。また、市民社会組織が持続可能な活動を行うためには、長期的で予測可能な資金の確保が重要であると認識されています。
A154_2,地域の市民社会組織がグローバルマジョリティの意見を意味のある形で代表するための支援を必要としているという要望がある,3.1994734,2.3861666,1_3,2_6,3_12,4_6,4_6,民主主義の改革と市民社会の支援への要望,このクラスタには、民主主義の利益を最大化するための議論や包括的な改革の必要性、そして地域の市民社会組織が安定した資金を求める要望が集まっています。市民は、民主主義の制度を改善し、より効果的で迅速な改革を行うことで、社会全体の利益を高めることを期待しています。また、市民社会組織が持続可能な活動を行うためには、長期的で予測可能な資金の確保が重要であると認識されています。
A150_0,文明の移行期における課題を軽減するために、グローバルな福祉国家を創設してほしいという要望がある,3.4568887,1.9680444,1_3,2_6,3_12,4_7,4_7,グローバルな協力体制と世界政府の設立要望,このクラスタには、国際的な協力体制の強化や、G7が主導する事実上の世界政府の設立を求める意見が集まっています。中国など他国を招待してグローバルな協力体制を築くことや、G7による世界政府の設立を通じて、国際的な問題解決や平和維持を目指す要望が含まれています。これらの意見は、国際社会の連携強化と統一的なリーダーシップの必要性を強調しています。
A149_0,G7が主導する事実上の世界政府を創設するという要望がある,3.585198,1.4250205,1_3,2_6,3_12,4_7,4_7,グローバルな協力体制と世界政府の設立要望,このクラスタには、国際的な協力体制の強化や、G7が主導する事実上の世界政府の設立を求める意見が集まっています。中国など他国を招待してグローバルな協力体制を築くことや、G7による世界政府の設立を通じて、国際的な問題解決や平和維持を目指す要望が含まれています。これらの意見は、国際社会の連携強化と統一的なリーダーシップの必要性を強調しています。
A149_1,NATO、EU、欧州政治共同体、OECDのメンバーを含めるという要望がある,3.307757,1.6123799,1_3,2_6,3_12,4_7,4_7,グローバルな協力体制と世界政府の設立要望,このクラスタには、国際的な協力体制の強化や、G7が主導する事実上の世界政府の設立を求める意見が集まっています。中国など他国を招待してグローバルな協力体制を築くことや、G7による世界政府の設立を通じて、国際的な問題解決や平和維持を目指す要望が含まれています。これらの意見は、国際社会の連携強化と統一的なリーダーシップの必要性を強調しています。
A147_0,Superintelligence Programmeを管理するOne-AI JV会社を設立してAI制御能力を効率化するという要望がある,3.4055805,0.16174659,1_3,2_6,3_11,4_10,4_10,AI制御能力の効率化と統合への要望,このクラスタには、AI制御能力の効率化を目指して、スーパーインテリジェンスプログラムを管理するOne-AI JV会社の設立を求める意見が集まっています。最先端のAI開発を一つの企業に統合することで、効率的な管理と制御が可能になるという期待が示されています。これにより、AI技術の進化とその管理がより効果的に行われることを目指しています。
A146_0,最先端のAI開発を一つの企業に統合するために、One-AI共同事業会社を設立するという要望がある,3.4649587,0.02735854,1_3,2_6,3_11,4_10,4_10,AI制御能力の効率化と統合への要望,このクラスタには、AI制御能力の効率化を目指して、スーパーインテリジェンスプログラムを管理するOne-AI JV会社の設立を求める意見が集まっています。最先端のAI開発を一つの企業に統合することで、効率的な管理と制御が可能になるという期待が示されています。これにより、AI技術の進化とその管理がより効果的に行われることを目指しています。
A145_0,AI開発プロセスを管理するためのグローバルAIコントロール機関（GAICA）を設立してほしいという要望がある,3.3425906,0.4725342,1_3,2_6,3_11,4_19,4_19,グローバルAI管理・規制機関設立の要望,このクラスタには、AI開発プロセスや使用を管理・規制するためのグローバルな機関の設立を求める意見が集まっています。具体的には、GAICAやGAIRAといった新しい組織の設立を通じて、AI技術の安全性や倫理性を確保し、国際的な協力を強化することを目指しています。これにより、AIの開発と利用が適切に管理され、社会に対するリスクを最小限に抑えることが期待されています。
A145_2,中国など他国を招待してグローバルな協力体制を築いてほしいという要望がある,3.6145222,1.5318096,1_3,2_6,3_12,4_7,4_7,グローバルな協力体制と世界政府の設立要望,このクラスタには、国際的な協力体制の強化や、G7が主導する事実上の世界政府の設立を求める意見が集まっています。中国など他国を招待してグローバルな協力体制を築くことや、G7による世界政府の設立を通じて、国際的な問題解決や平和維持を目指す要望が含まれています。これらの意見は、国際社会の連携強化と統一的なリーダーシップの必要性を強調しています。
A144_0,AIの使用を規制するために、Global AI Partnership (GPAI)を変革してGlobal AI Regulation Authority (GAIRA)を設立するという要望がある,3.1928926,0.8640509,1_3,2_6,3_11,4_19,4_19,グローバルAI管理・規制機関設立の要望,このクラスタには、AI開発プロセスや使用を管理・規制するためのグローバルな機関の設立を求める意見が集まっています。具体的には、GAICAやGAIRAといった新しい組織の設立を通じて、AI技術の安全性や倫理性を確保し、国際的な協力を強化することを目指しています。これにより、AIの開発と利用が適切に管理され、社会に対するリスクを最小限に抑えることが期待されています。
